Question,Response,Source
liquide avec lime,"Pour un liquide avec saveur de lime, je vous recommande le produit ""Frozen Lemon And Lime 100ml Ice Chuffed"". Ce e-liquide propose des saveurs fraîches de citrons jaunes et verts, incluant la lime. Vous pouvez le trouver sur le site [Aromes et Liquides](https://www.aromes-et-liquides.fr/e-liquide-chuffed/14228-frozen-lemon-and-lime-100ml-ice.html).","index: 28
url: https://www.aromes-et-liquides.fr/e-liquide-chuffed/14228-frozen-lemon-and-lime-100ml-ice.html
nom_produit: Frozen Lemon And Lime 100ml Ice Chuffed
img_produit: https://assets.aromes-et-liquides.fr/42095-thickbox_default/frozen-lemon-and-lime-100ml-ice.jpg
prix_produit: 9.9
contenance: 100ml (fiole de 120ml)
pg_vg: 30/70
origine: Royaume-Uni
frais: Oui
surbooste: Oui
saveur: lime, citron, lemon
description: Le Frozen Lemon And Lime 100ml est un e-liquide à booster issu de la collection Ice de la marque Chuffed, auxsaveurs fraîches de citrons jaunes et verts. Sa recette fabriquée en France se compose d'arômes alimentaires, de propylène glycol (PG) et de glycérine végétale (VG), pour un ratio 30PG/70VG. Présenté dans une fiole de 120ml dotée d'un bouchon sécurisé et d'un embout fin,vous pouvez au besoin lui additionnerdu liquide de base ou des boosters 10ml de nicotine (non inclus). Qui est Chuffed ? Chuffed est une marque originaire du Royaume-Uni, spécialisée dans la conception de e-liquides pour cigarette électronique. Retrouvez les recettes de Chuffed en format de 100ml, non nicotinés de base et à booster en fonction de vos besoins. Comment préparer votre e-liquide Frozen Lemon And Lime ? Ce e-liquide est proposé en version100mlboostée en arômes dans un flacon de120ml. Si vous le souhaitez, vous pouvez ajouter un ou plusieurs boosters de nicotine selon vos besoins sans perte de saveur. Pour booster votre e-liquide, vous devez : Indications pour préparer votre e-liquide surboosté de 50 ml : La place disponible dans le flacon d'origine n’est peut-être pas suffisante pour booster votre e-liquide au taux de nicotine souhaité. Pour les dosages importants, nous vous conseillons l’utilisation de contenants plus importants commeun flacon de 100ml graduéouun flacon Twist de 230ml gradué. Astuce : pensez à adapter votre matériel au ratio PG/VG de votre e-liquide ! Vous limiterez ainsi le risque de fuite et l’usure prématurée de vos résistances ! Quel taux de nicotine choisir pour votre e-liquide ? Le choix de votre taux de nicotine dépend de votre profil de fumeur ainsi que de la cigarette électronique utilisée : Si vous utilisez du matériel plus performant avec une résistance inférieure à 1 ohm et pour une puissance supérieure à 30 watts, vous pouvez diviser votre taux de nicotine par deux. Nos conseils pour la maturation de votre e-liquide surboosté De la même façon que pour un e-liquide DIY, on peut observer un temps de repos avec un e-liquide surboosté en arômes après l’ajout d’un ou plusieurs boosters de nicotine. Ce temps de maturation que l’on appelle aussi “steep” permet aux arômes de se développer et de mieux s’exprimer. Pour une maturation optimale, il faut compter : Pour un rendu optimal : secouez votre fiole de e-liquide une fois par jour pour que les arômes se diffusent correctement. Conservation de votre e-liquide Pour une conservation optimale de votre e-liquide, nous vous conseillons de stocker votre flacon à l'abri de la lumière dans un droit sec et à température ambiante. Après contacts répétés à l'air et à la lumière, la couleur de votre e-liquide peut se foncer. Ce changement de couleur n'affecte ni la qualité ni le goût de votre e-liquide. La date indiquée sur l'étiquette est une DLUO (date limite d'utilisation optimale) ou DDM (date de durabilité minimale). Passé cette date, le e-liquide peut encore être consommé.
brand: Chuffed
gout: fruit
info_brand: Chuffed est une marque originaire du Royaume-Uni, spécialisée dans la conception de e-liquides pour cigarette électronique. Retrouvez les recettes de Chuffed en format de 100ml, non nicotinés de base et à booster en fonction de vos besoins.
id_produit: 29
index: 75
url: https://www.aromes-et-liquides.fr/e-liquide-pulp/4838-e-liquide-cherry-frost-par-pulp.html
nom_produit: Cherry Frost Frost & Furious PULP
img_produit: https://assets.aromes-et-liquides.fr/54918-thickbox_default/e-liquide-cherry-frost-par-pulp.jpg
prix_produit: 6.5
contenance: 10ml
pg_vg: 40/60
origine: France
frais: Oui
surbooste: Non
saveur: baies, baie, cerise, lime, baies noires
description: Le fabricant français vous propose unduo frais et fruitéà vapoter, aux saveurs de baies noires et de cerises. Notez que ce e liquide estprêt à vapoter.Vous choisirez votre taux de nicotine parmi ceux proposés (0, 3, 6 et 12mg/ml), puis vous le verserez simplement dans votre matériel de vape ! Le Cherry Frost est un e-liquide pour cigarettes électroniques d'origine française. Son fabricant, PULP, l'a réalisé à partir d'arômes alimentaires, de propylène glycol et de glycérine végétale pour un ratio PG/VG de 40/60. Conditionné en fiole PET souple, il dispose d'un bouchon à sécurité enfant et d'un embout fin propre et pratique, à dropper fin. Qui est PULP ? C'est dans leur laboratoire français, et plus particulièrement parisien que les aromaticiens de la marque PULP conçoivent leurs multiples recettes, et ce, toujours avec le sens du détail. Ainsi, il vous présente aussi bien des e-liquides prêts à vaper, à booster, ou encore des concentrés DIY (Do It Yourself) aux saveurs finement reproduites et de diverses variétés. Nos conseils pour utiliser votre e-liquide Cherry Frost L'utilisation d'un e-liquide est exclusivement réservée à la cigarette électronique. Nous vous recommandons de bien agiter votre flacon de e-liquide avant emploi. Pour limiter les risques de fuites et prolonger la durée de vie de vos résistances, nous vous conseillons d'utiliser un clearomiseur adapté au taux PG/VG de votre e-liquide. Quel taux de nicotine choisir pour votre e-liquide ? Le choix de votre taux de nicotine dépend de votre profil de fumeur ainsi que de la cigarette électronique utilisée. Si vous utilisez une cigarette électronique équipée d'une résistance égale ou supérieure à 1 ohm et à une puissance ne dépassant pas les 30 watts, voici nos recommandations pour choisir votre taux de nicotine : Si vous utilisez une cigarette électronique plus performante équipée de résistances dont la valeur est inférieure à 1 ohm et pour une puissance supérieure à 30 watts, nous vous conseillons d'utiliser un taux de nicotine plus faible : Conservation de votre e-liquide Pour une conservation optimale de votre e-liquide, nous vous conseillons de stocker votre flacon à l'abri de la lumière dans un droit sec et à température ambiante. Après contacts répétés à l'air et à la lumière, la couleur de votre e-liquide peut se foncer. Ce changement de couleur n'affecte ni la qualité ni le goût de votre e-liquide. La date indiquée sur l'étiquette est une DLUO (date limite d'utilisation optimale) ou DDM (date de durabilité minimale). Passé cette date, le e-liquide peut encore être consommé. Mises en garde et contre-indications : Précautions d'emploi :
brand: PULP
gout: fruit
info_brand: C'est dans leur laboratoire français, et plus particulièrement parisien que les aromaticiens de la marque PULP conçoivent leurs multiples recettes, et ce, toujours avec le sens du détail. Ainsi, il vous présente aussi bien des e-liquides prêts à vaper, à booster, ou encore des concentrés DIY (Do It Yourself) aux saveurs finement reproduites et de diverses variétés.
id_produit: 76
index: 91
url: https://www.aromes-et-liquides.fr/e-liquide-ultimate/16916-ragnarok-primal-50ml.html
nom_produit: Ragnarok Primal 50ml Ultimate A&L
img_produit: https://assets.aromes-et-liquides.fr/50238-thickbox_default/ragnarok-primal-50ml.jpg
prix_produit: 18.9
contenance: 50ml (fiole de 60ml)
pg_vg: 50/50
origine: France
frais: Oui
surbooste: Oui
saveur: baies, mangue, fruits rouges, baie, lime, baies rouges
description: Arômes et Liquides vous propose des saveurs fraîches aux goûts de fruits avec ce e-liquide pour cigarette électronique issu de lacollection A&L Ultimate. Retrouvez ainsi le duo de fruits : baies rouges et mangue. Prêt à l'emploi, le Ragnarok Primal 50ml peut également au besoin être complété par un booster 10ml (non inclus), afin de le vapoter nicotiné. Qu'est-ce que le e-liquide Ragnarok Primal 50ml ? Destiné au réservoir de votre cigarette électronique, le Ragnarok Primal 50ml est un e-liquide imaginé et créé par Arômes et Liquides pour sa gamme A&L Ultimate. Surboosté en arômes et non nicotiné de base, il vous est livré dans une fiole PET de 60ml, remplie à hauteur de 50ml de e-liquide. Cet espace restant vous permet au besoin d'ajouter un booster 10ml directement dans son flacon, sans aucune perte de saveur. Pourquoi choisir le Ragnarok Primal en e-liquide 50ml ? Optez pour la version prête à l'emploi du Ragnarok Primal et vapotez son mélange équilibré en saveur, sans aucune manipulation à effectuer ! Goûtez à la recette originelle telle qu'elle a été imaginée par les aromaticiens de chez Arômes et Liquides, avec ce mix de fruits rouges et de mangue. Comment s'utilise le e-liquide Ragnarok Primal en 50ml ? Le Ragnarok Primal 50mls'adaptera à vos besoins. Non nicotiné de base et surboosté en arômes, ce e-liquide pour cigarette électronique peut se vapoter avec ou sans ajout de nicotine. Aussi, en fonction de vos habitudes, vous utiliserez sonflacon de 60mlrempli à hauteur de 50ml de e-liquide pour le compléter au besoin avec un booster 10ml ou un liquide de base neutre. Suivez nos conseils ci-dessous selon vos préférences d'utilisation ! La préparation sans nicotine Vous êtes passé au vapotage en 0mg/ml de nicotine et vous souhaitez utiliser votre Ragnarok Primal 50ml ? Pour cela, vous avez le choix entre : La préparation avec nicotine Grâce au Ragnarok Primal et sa fiole de 60ml remplie à hauteur de 50ml de e-liquide, vous pourrez directement le compléter avec un booster 10ml. Ce procédé vous permet d'obtenir 60ml de e-liquide avec un taux nicotinique d'environ 3mg/ml. Pour cela : Vous souhaitez obtenir un taux de nicotine plus élevé ? Munissez-vous pour cela d'un flacon vide pour réaliser votre mélange. La maturation L'avantage d'opter pour un e-liquide, c'est que sa dégustation ne requiert pas nécessairement de temps de maturation (steep). Toutefois, si vous avez ajouté un booster ou un liquide de base neutre, Arômes et Liquides vous conseille de laisser reposer votre mélange dans un endroit sec et à l'abri de la lumière pendant environ48 heures. Ce temps de steep permet au Ragnarok Primal de délivrer un rendu aromatique optimal. À qui est adressé le e-liquide Ragnarok Primal 50ml ? Amateurs de vape au goût de fruits frais, découvrez la recette originale du Ragnarok Primal 50ml mélangeant desfruits rougesà une saveur demangue. Son format de 50ml à booster est particulièrement adapté aux vapoteurs ayant besoin d'un taux faible en nicotine (jusqu'à 3mg/ml avec l'ajout d'un booster non inclus). De quoi se compose le e-liquide Ragnarok Primal 50ml ? Le Ragnarok Primal 50ml est un e-liquide pour cigarette électronique entièrement fabriqué et conditionné enFrance, par la marque Arômes et Liquides. Garanti sans diacétyle, il n'a évidemment pas fait l'objet de tests sur des animaux. Sa composition issue d'un cahier des charges rigoureux est réalisée à partir d'arômes alimentaires de qualité pharmaceutique, de propylène glycol (PG) et de glycérine végétale (VG), pour un ratio50PG/50VG. Ce type de ratio procure un équilibre entre hit en gorge, rendu des saveurs et production de vapeur. Il est d'autre part compatible avec la majorité des matériels, sauf sub ohm. Le Ragnarok Primal 50ml est conditionné dans une fiole PET de 60ml, contenant 50ml de e-liquide non nicotiné et surboosté en arômes. Cette fiole est dotée d'un bouchon avec sécurité enfant et d'un embout fin permettant un remplissage facile et propre de votre réservoir.
brand: Arômes et Liquides (A&L)
gout: fruit
info_brand: Arômes et Liquides (A&L) est un fabricant français de e-liquides et concentrés DIY depuis 2012. Avec ses laborantins situés non loin de Saint-Étienne dans la Loire, il vous présente une vaste collection de saveurs allant des plus simples aux plus complexes. La marque s'est notamment distinguée dans l'univers de la vape grâce à sa recette classic du Ryan USA de la gamme A&L, puis du mix au goût de fruits rouges Ragnarok de la collection Ultimate.
id_produit: 92"
liquide avec lime,"Pour un liquide avec saveur de lime, je vous recommande le produit suivant :

- **Frozen Lemon And Lime 100ml Ice Chuffed** : Ce e-liquide propose des saveurs fraîches de citrons jaunes et verts, incluant la lime. Il est surboosté et peut être ajusté avec des boosters de nicotine selon vos besoins. Vous pouvez le trouver [ici](https://www.aromes-et-liquides.fr/e-liquide-chuffed/14228-frozen-lemon-and-lime-100ml-ice.html).

Si vous avez besoin d'autres informations, n'hésitez pas à demander.","index: 28
url: https://www.aromes-et-liquides.fr/e-liquide-chuffed/14228-frozen-lemon-and-lime-100ml-ice.html
nom_produit: Frozen Lemon And Lime 100ml Ice Chuffed
img_produit: https://assets.aromes-et-liquides.fr/42095-thickbox_default/frozen-lemon-and-lime-100ml-ice.jpg
prix_produit: 9.9
contenance: 100ml (fiole de 120ml)
pg_vg: 30/70
origine: Royaume-Uni
frais: Oui
surbooste: Oui
saveur: lime, citron, lemon
description: Le Frozen Lemon And Lime 100ml est un e-liquide à booster issu de la collection Ice de la marque Chuffed, auxsaveurs fraîches de citrons jaunes et verts. Sa recette fabriquée en France se compose d'arômes alimentaires, de propylène glycol (PG) et de glycérine végétale (VG), pour un ratio 30PG/70VG. Présenté dans une fiole de 120ml dotée d'un bouchon sécurisé et d'un embout fin,vous pouvez au besoin lui additionnerdu liquide de base ou des boosters 10ml de nicotine (non inclus). Qui est Chuffed ? Chuffed est une marque originaire du Royaume-Uni, spécialisée dans la conception de e-liquides pour cigarette électronique. Retrouvez les recettes de Chuffed en format de 100ml, non nicotinés de base et à booster en fonction de vos besoins. Comment préparer votre e-liquide Frozen Lemon And Lime ? Ce e-liquide est proposé en version100mlboostée en arômes dans un flacon de120ml. Si vous le souhaitez, vous pouvez ajouter un ou plusieurs boosters de nicotine selon vos besoins sans perte de saveur. Pour booster votre e-liquide, vous devez : Indications pour préparer votre e-liquide surboosté de 50 ml : La place disponible dans le flacon d'origine n’est peut-être pas suffisante pour booster votre e-liquide au taux de nicotine souhaité. Pour les dosages importants, nous vous conseillons l’utilisation de contenants plus importants commeun flacon de 100ml graduéouun flacon Twist de 230ml gradué. Astuce : pensez à adapter votre matériel au ratio PG/VG de votre e-liquide ! Vous limiterez ainsi le risque de fuite et l’usure prématurée de vos résistances ! Quel taux de nicotine choisir pour votre e-liquide ? Le choix de votre taux de nicotine dépend de votre profil de fumeur ainsi que de la cigarette électronique utilisée : Si vous utilisez du matériel plus performant avec une résistance inférieure à 1 ohm et pour une puissance supérieure à 30 watts, vous pouvez diviser votre taux de nicotine par deux. Nos conseils pour la maturation de votre e-liquide surboosté De la même façon que pour un e-liquide DIY, on peut observer un temps de repos avec un e-liquide surboosté en arômes après l’ajout d’un ou plusieurs boosters de nicotine. Ce temps de maturation que l’on appelle aussi “steep” permet aux arômes de se développer et de mieux s’exprimer. Pour une maturation optimale, il faut compter : Pour un rendu optimal : secouez votre fiole de e-liquide une fois par jour pour que les arômes se diffusent correctement. Conservation de votre e-liquide Pour une conservation optimale de votre e-liquide, nous vous conseillons de stocker votre flacon à l'abri de la lumière dans un droit sec et à température ambiante. Après contacts répétés à l'air et à la lumière, la couleur de votre e-liquide peut se foncer. Ce changement de couleur n'affecte ni la qualité ni le goût de votre e-liquide. La date indiquée sur l'étiquette est une DLUO (date limite d'utilisation optimale) ou DDM (date de durabilité minimale). Passé cette date, le e-liquide peut encore être consommé.
brand: Chuffed
gout: fruit
info_brand: Chuffed est une marque originaire du Royaume-Uni, spécialisée dans la conception de e-liquides pour cigarette électronique. Retrouvez les recettes de Chuffed en format de 100ml, non nicotinés de base et à booster en fonction de vos besoins.
id_produit: 29
index: 75
url: https://www.aromes-et-liquides.fr/e-liquide-pulp/4838-e-liquide-cherry-frost-par-pulp.html
nom_produit: Cherry Frost Frost & Furious PULP
img_produit: https://assets.aromes-et-liquides.fr/54918-thickbox_default/e-liquide-cherry-frost-par-pulp.jpg
prix_produit: 6.5
contenance: 10ml
pg_vg: 40/60
origine: France
frais: Oui
surbooste: Non
saveur: baies, baie, cerise, lime, baies noires
description: Le fabricant français vous propose unduo frais et fruitéà vapoter, aux saveurs de baies noires et de cerises. Notez que ce e liquide estprêt à vapoter.Vous choisirez votre taux de nicotine parmi ceux proposés (0, 3, 6 et 12mg/ml), puis vous le verserez simplement dans votre matériel de vape ! Le Cherry Frost est un e-liquide pour cigarettes électroniques d'origine française. Son fabricant, PULP, l'a réalisé à partir d'arômes alimentaires, de propylène glycol et de glycérine végétale pour un ratio PG/VG de 40/60. Conditionné en fiole PET souple, il dispose d'un bouchon à sécurité enfant et d'un embout fin propre et pratique, à dropper fin. Qui est PULP ? C'est dans leur laboratoire français, et plus particulièrement parisien que les aromaticiens de la marque PULP conçoivent leurs multiples recettes, et ce, toujours avec le sens du détail. Ainsi, il vous présente aussi bien des e-liquides prêts à vaper, à booster, ou encore des concentrés DIY (Do It Yourself) aux saveurs finement reproduites et de diverses variétés. Nos conseils pour utiliser votre e-liquide Cherry Frost L'utilisation d'un e-liquide est exclusivement réservée à la cigarette électronique. Nous vous recommandons de bien agiter votre flacon de e-liquide avant emploi. Pour limiter les risques de fuites et prolonger la durée de vie de vos résistances, nous vous conseillons d'utiliser un clearomiseur adapté au taux PG/VG de votre e-liquide. Quel taux de nicotine choisir pour votre e-liquide ? Le choix de votre taux de nicotine dépend de votre profil de fumeur ainsi que de la cigarette électronique utilisée. Si vous utilisez une cigarette électronique équipée d'une résistance égale ou supérieure à 1 ohm et à une puissance ne dépassant pas les 30 watts, voici nos recommandations pour choisir votre taux de nicotine : Si vous utilisez une cigarette électronique plus performante équipée de résistances dont la valeur est inférieure à 1 ohm et pour une puissance supérieure à 30 watts, nous vous conseillons d'utiliser un taux de nicotine plus faible : Conservation de votre e-liquide Pour une conservation optimale de votre e-liquide, nous vous conseillons de stocker votre flacon à l'abri de la lumière dans un droit sec et à température ambiante. Après contacts répétés à l'air et à la lumière, la couleur de votre e-liquide peut se foncer. Ce changement de couleur n'affecte ni la qualité ni le goût de votre e-liquide. La date indiquée sur l'étiquette est une DLUO (date limite d'utilisation optimale) ou DDM (date de durabilité minimale). Passé cette date, le e-liquide peut encore être consommé. Mises en garde et contre-indications : Précautions d'emploi :
brand: PULP
gout: fruit
info_brand: C'est dans leur laboratoire français, et plus particulièrement parisien que les aromaticiens de la marque PULP conçoivent leurs multiples recettes, et ce, toujours avec le sens du détail. Ainsi, il vous présente aussi bien des e-liquides prêts à vaper, à booster, ou encore des concentrés DIY (Do It Yourself) aux saveurs finement reproduites et de diverses variétés.
id_produit: 76
index: 91
url: https://www.aromes-et-liquides.fr/e-liquide-ultimate/16916-ragnarok-primal-50ml.html
nom_produit: Ragnarok Primal 50ml Ultimate A&L
img_produit: https://assets.aromes-et-liquides.fr/50238-thickbox_default/ragnarok-primal-50ml.jpg
prix_produit: 18.9
contenance: 50ml (fiole de 60ml)
pg_vg: 50/50
origine: France
frais: Oui
surbooste: Oui
saveur: baies, mangue, fruits rouges, baie, lime, baies rouges
description: Arômes et Liquides vous propose des saveurs fraîches aux goûts de fruits avec ce e-liquide pour cigarette électronique issu de lacollection A&L Ultimate. Retrouvez ainsi le duo de fruits : baies rouges et mangue. Prêt à l'emploi, le Ragnarok Primal 50ml peut également au besoin être complété par un booster 10ml (non inclus), afin de le vapoter nicotiné. Qu'est-ce que le e-liquide Ragnarok Primal 50ml ? Destiné au réservoir de votre cigarette électronique, le Ragnarok Primal 50ml est un e-liquide imaginé et créé par Arômes et Liquides pour sa gamme A&L Ultimate. Surboosté en arômes et non nicotiné de base, il vous est livré dans une fiole PET de 60ml, remplie à hauteur de 50ml de e-liquide. Cet espace restant vous permet au besoin d'ajouter un booster 10ml directement dans son flacon, sans aucune perte de saveur. Pourquoi choisir le Ragnarok Primal en e-liquide 50ml ? Optez pour la version prête à l'emploi du Ragnarok Primal et vapotez son mélange équilibré en saveur, sans aucune manipulation à effectuer ! Goûtez à la recette originelle telle qu'elle a été imaginée par les aromaticiens de chez Arômes et Liquides, avec ce mix de fruits rouges et de mangue. Comment s'utilise le e-liquide Ragnarok Primal en 50ml ? Le Ragnarok Primal 50mls'adaptera à vos besoins. Non nicotiné de base et surboosté en arômes, ce e-liquide pour cigarette électronique peut se vapoter avec ou sans ajout de nicotine. Aussi, en fonction de vos habitudes, vous utiliserez sonflacon de 60mlrempli à hauteur de 50ml de e-liquide pour le compléter au besoin avec un booster 10ml ou un liquide de base neutre. Suivez nos conseils ci-dessous selon vos préférences d'utilisation ! La préparation sans nicotine Vous êtes passé au vapotage en 0mg/ml de nicotine et vous souhaitez utiliser votre Ragnarok Primal 50ml ? Pour cela, vous avez le choix entre : La préparation avec nicotine Grâce au Ragnarok Primal et sa fiole de 60ml remplie à hauteur de 50ml de e-liquide, vous pourrez directement le compléter avec un booster 10ml. Ce procédé vous permet d'obtenir 60ml de e-liquide avec un taux nicotinique d'environ 3mg/ml. Pour cela : Vous souhaitez obtenir un taux de nicotine plus élevé ? Munissez-vous pour cela d'un flacon vide pour réaliser votre mélange. La maturation L'avantage d'opter pour un e-liquide, c'est que sa dégustation ne requiert pas nécessairement de temps de maturation (steep). Toutefois, si vous avez ajouté un booster ou un liquide de base neutre, Arômes et Liquides vous conseille de laisser reposer votre mélange dans un endroit sec et à l'abri de la lumière pendant environ48 heures. Ce temps de steep permet au Ragnarok Primal de délivrer un rendu aromatique optimal. À qui est adressé le e-liquide Ragnarok Primal 50ml ? Amateurs de vape au goût de fruits frais, découvrez la recette originale du Ragnarok Primal 50ml mélangeant desfruits rougesà une saveur demangue. Son format de 50ml à booster est particulièrement adapté aux vapoteurs ayant besoin d'un taux faible en nicotine (jusqu'à 3mg/ml avec l'ajout d'un booster non inclus). De quoi se compose le e-liquide Ragnarok Primal 50ml ? Le Ragnarok Primal 50ml est un e-liquide pour cigarette électronique entièrement fabriqué et conditionné enFrance, par la marque Arômes et Liquides. Garanti sans diacétyle, il n'a évidemment pas fait l'objet de tests sur des animaux. Sa composition issue d'un cahier des charges rigoureux est réalisée à partir d'arômes alimentaires de qualité pharmaceutique, de propylène glycol (PG) et de glycérine végétale (VG), pour un ratio50PG/50VG. Ce type de ratio procure un équilibre entre hit en gorge, rendu des saveurs et production de vapeur. Il est d'autre part compatible avec la majorité des matériels, sauf sub ohm. Le Ragnarok Primal 50ml est conditionné dans une fiole PET de 60ml, contenant 50ml de e-liquide non nicotiné et surboosté en arômes. Cette fiole est dotée d'un bouchon avec sécurité enfant et d'un embout fin permettant un remplissage facile et propre de votre réservoir.
brand: Arômes et Liquides (A&L)
gout: fruit
info_brand: Arômes et Liquides (A&L) est un fabricant français de e-liquides et concentrés DIY depuis 2012. Avec ses laborantins situés non loin de Saint-Étienne dans la Loire, il vous présente une vaste collection de saveurs allant des plus simples aux plus complexes. La marque s'est notamment distinguée dans l'univers de la vape grâce à sa recette classic du Ryan USA de la gamme A&L, puis du mix au goût de fruits rouges Ragnarok de la collection Ultimate.
id_produit: 92"
liquide avec lime,"Pour un liquide avec saveur de lime, je vous recommande le produit suivant :

- **Frozen Lemon And Lime 100ml Ice Chuffed** : Ce e-liquide propose des saveurs fraîches de citrons jaunes et verts, incluant la lime. Il est surboosté et peut être ajusté avec des boosters de nicotine selon vos besoins. Vous pouvez le trouver [ici](https://www.aromes-et-liquides.fr/e-liquide-chuffed/14228-frozen-lemon-and-lime-100ml-ice.html).

Si vous avez besoin d'autres informations, n'hésitez pas à demander !","index: 28
url: https://www.aromes-et-liquides.fr/e-liquide-chuffed/14228-frozen-lemon-and-lime-100ml-ice.html
nom_produit: Frozen Lemon And Lime 100ml Ice Chuffed
img_produit: https://assets.aromes-et-liquides.fr/42095-thickbox_default/frozen-lemon-and-lime-100ml-ice.jpg
prix_produit: 9.9
contenance: 100ml (fiole de 120ml)
pg_vg: 30/70
origine: Royaume-Uni
frais: Oui
surbooste: Oui
saveur: lime, citron, lemon
description: Le Frozen Lemon And Lime 100ml est un e-liquide à booster issu de la collection Ice de la marque Chuffed, auxsaveurs fraîches de citrons jaunes et verts. Sa recette fabriquée en France se compose d'arômes alimentaires, de propylène glycol (PG) et de glycérine végétale (VG), pour un ratio 30PG/70VG. Présenté dans une fiole de 120ml dotée d'un bouchon sécurisé et d'un embout fin,vous pouvez au besoin lui additionnerdu liquide de base ou des boosters 10ml de nicotine (non inclus). Qui est Chuffed ? Chuffed est une marque originaire du Royaume-Uni, spécialisée dans la conception de e-liquides pour cigarette électronique. Retrouvez les recettes de Chuffed en format de 100ml, non nicotinés de base et à booster en fonction de vos besoins. Comment préparer votre e-liquide Frozen Lemon And Lime ? Ce e-liquide est proposé en version100mlboostée en arômes dans un flacon de120ml. Si vous le souhaitez, vous pouvez ajouter un ou plusieurs boosters de nicotine selon vos besoins sans perte de saveur. Pour booster votre e-liquide, vous devez : Indications pour préparer votre e-liquide surboosté de 50 ml : La place disponible dans le flacon d'origine n’est peut-être pas suffisante pour booster votre e-liquide au taux de nicotine souhaité. Pour les dosages importants, nous vous conseillons l’utilisation de contenants plus importants commeun flacon de 100ml graduéouun flacon Twist de 230ml gradué. Astuce : pensez à adapter votre matériel au ratio PG/VG de votre e-liquide ! Vous limiterez ainsi le risque de fuite et l’usure prématurée de vos résistances ! Quel taux de nicotine choisir pour votre e-liquide ? Le choix de votre taux de nicotine dépend de votre profil de fumeur ainsi que de la cigarette électronique utilisée : Si vous utilisez du matériel plus performant avec une résistance inférieure à 1 ohm et pour une puissance supérieure à 30 watts, vous pouvez diviser votre taux de nicotine par deux. Nos conseils pour la maturation de votre e-liquide surboosté De la même façon que pour un e-liquide DIY, on peut observer un temps de repos avec un e-liquide surboosté en arômes après l’ajout d’un ou plusieurs boosters de nicotine. Ce temps de maturation que l’on appelle aussi “steep” permet aux arômes de se développer et de mieux s’exprimer. Pour une maturation optimale, il faut compter : Pour un rendu optimal : secouez votre fiole de e-liquide une fois par jour pour que les arômes se diffusent correctement. Conservation de votre e-liquide Pour une conservation optimale de votre e-liquide, nous vous conseillons de stocker votre flacon à l'abri de la lumière dans un droit sec et à température ambiante. Après contacts répétés à l'air et à la lumière, la couleur de votre e-liquide peut se foncer. Ce changement de couleur n'affecte ni la qualité ni le goût de votre e-liquide. La date indiquée sur l'étiquette est une DLUO (date limite d'utilisation optimale) ou DDM (date de durabilité minimale). Passé cette date, le e-liquide peut encore être consommé.
brand: Chuffed
gout: fruit
info_brand: Chuffed est une marque originaire du Royaume-Uni, spécialisée dans la conception de e-liquides pour cigarette électronique. Retrouvez les recettes de Chuffed en format de 100ml, non nicotinés de base et à booster en fonction de vos besoins.
id_produit: 29
index: 75
url: https://www.aromes-et-liquides.fr/e-liquide-pulp/4838-e-liquide-cherry-frost-par-pulp.html
nom_produit: Cherry Frost Frost & Furious PULP
img_produit: https://assets.aromes-et-liquides.fr/54918-thickbox_default/e-liquide-cherry-frost-par-pulp.jpg
prix_produit: 6.5
contenance: 10ml
pg_vg: 40/60
origine: France
frais: Oui
surbooste: Non
saveur: baies, baie, cerise, lime, baies noires
description: Le fabricant français vous propose unduo frais et fruitéà vapoter, aux saveurs de baies noires et de cerises. Notez que ce e liquide estprêt à vapoter.Vous choisirez votre taux de nicotine parmi ceux proposés (0, 3, 6 et 12mg/ml), puis vous le verserez simplement dans votre matériel de vape ! Le Cherry Frost est un e-liquide pour cigarettes électroniques d'origine française. Son fabricant, PULP, l'a réalisé à partir d'arômes alimentaires, de propylène glycol et de glycérine végétale pour un ratio PG/VG de 40/60. Conditionné en fiole PET souple, il dispose d'un bouchon à sécurité enfant et d'un embout fin propre et pratique, à dropper fin. Qui est PULP ? C'est dans leur laboratoire français, et plus particulièrement parisien que les aromaticiens de la marque PULP conçoivent leurs multiples recettes, et ce, toujours avec le sens du détail. Ainsi, il vous présente aussi bien des e-liquides prêts à vaper, à booster, ou encore des concentrés DIY (Do It Yourself) aux saveurs finement reproduites et de diverses variétés. Nos conseils pour utiliser votre e-liquide Cherry Frost L'utilisation d'un e-liquide est exclusivement réservée à la cigarette électronique. Nous vous recommandons de bien agiter votre flacon de e-liquide avant emploi. Pour limiter les risques de fuites et prolonger la durée de vie de vos résistances, nous vous conseillons d'utiliser un clearomiseur adapté au taux PG/VG de votre e-liquide. Quel taux de nicotine choisir pour votre e-liquide ? Le choix de votre taux de nicotine dépend de votre profil de fumeur ainsi que de la cigarette électronique utilisée. Si vous utilisez une cigarette électronique équipée d'une résistance égale ou supérieure à 1 ohm et à une puissance ne dépassant pas les 30 watts, voici nos recommandations pour choisir votre taux de nicotine : Si vous utilisez une cigarette électronique plus performante équipée de résistances dont la valeur est inférieure à 1 ohm et pour une puissance supérieure à 30 watts, nous vous conseillons d'utiliser un taux de nicotine plus faible : Conservation de votre e-liquide Pour une conservation optimale de votre e-liquide, nous vous conseillons de stocker votre flacon à l'abri de la lumière dans un droit sec et à température ambiante. Après contacts répétés à l'air et à la lumière, la couleur de votre e-liquide peut se foncer. Ce changement de couleur n'affecte ni la qualité ni le goût de votre e-liquide. La date indiquée sur l'étiquette est une DLUO (date limite d'utilisation optimale) ou DDM (date de durabilité minimale). Passé cette date, le e-liquide peut encore être consommé. Mises en garde et contre-indications : Précautions d'emploi :
brand: PULP
gout: fruit
info_brand: C'est dans leur laboratoire français, et plus particulièrement parisien que les aromaticiens de la marque PULP conçoivent leurs multiples recettes, et ce, toujours avec le sens du détail. Ainsi, il vous présente aussi bien des e-liquides prêts à vaper, à booster, ou encore des concentrés DIY (Do It Yourself) aux saveurs finement reproduites et de diverses variétés.
id_produit: 76
index: 91
url: https://www.aromes-et-liquides.fr/e-liquide-ultimate/16916-ragnarok-primal-50ml.html
nom_produit: Ragnarok Primal 50ml Ultimate A&L
img_produit: https://assets.aromes-et-liquides.fr/50238-thickbox_default/ragnarok-primal-50ml.jpg
prix_produit: 18.9
contenance: 50ml (fiole de 60ml)
pg_vg: 50/50
origine: France
frais: Oui
surbooste: Oui
saveur: baies, mangue, fruits rouges, baie, lime, baies rouges
description: Arômes et Liquides vous propose des saveurs fraîches aux goûts de fruits avec ce e-liquide pour cigarette électronique issu de lacollection A&L Ultimate. Retrouvez ainsi le duo de fruits : baies rouges et mangue. Prêt à l'emploi, le Ragnarok Primal 50ml peut également au besoin être complété par un booster 10ml (non inclus), afin de le vapoter nicotiné. Qu'est-ce que le e-liquide Ragnarok Primal 50ml ? Destiné au réservoir de votre cigarette électronique, le Ragnarok Primal 50ml est un e-liquide imaginé et créé par Arômes et Liquides pour sa gamme A&L Ultimate. Surboosté en arômes et non nicotiné de base, il vous est livré dans une fiole PET de 60ml, remplie à hauteur de 50ml de e-liquide. Cet espace restant vous permet au besoin d'ajouter un booster 10ml directement dans son flacon, sans aucune perte de saveur. Pourquoi choisir le Ragnarok Primal en e-liquide 50ml ? Optez pour la version prête à l'emploi du Ragnarok Primal et vapotez son mélange équilibré en saveur, sans aucune manipulation à effectuer ! Goûtez à la recette originelle telle qu'elle a été imaginée par les aromaticiens de chez Arômes et Liquides, avec ce mix de fruits rouges et de mangue. Comment s'utilise le e-liquide Ragnarok Primal en 50ml ? Le Ragnarok Primal 50mls'adaptera à vos besoins. Non nicotiné de base et surboosté en arômes, ce e-liquide pour cigarette électronique peut se vapoter avec ou sans ajout de nicotine. Aussi, en fonction de vos habitudes, vous utiliserez sonflacon de 60mlrempli à hauteur de 50ml de e-liquide pour le compléter au besoin avec un booster 10ml ou un liquide de base neutre. Suivez nos conseils ci-dessous selon vos préférences d'utilisation ! La préparation sans nicotine Vous êtes passé au vapotage en 0mg/ml de nicotine et vous souhaitez utiliser votre Ragnarok Primal 50ml ? Pour cela, vous avez le choix entre : La préparation avec nicotine Grâce au Ragnarok Primal et sa fiole de 60ml remplie à hauteur de 50ml de e-liquide, vous pourrez directement le compléter avec un booster 10ml. Ce procédé vous permet d'obtenir 60ml de e-liquide avec un taux nicotinique d'environ 3mg/ml. Pour cela : Vous souhaitez obtenir un taux de nicotine plus élevé ? Munissez-vous pour cela d'un flacon vide pour réaliser votre mélange. La maturation L'avantage d'opter pour un e-liquide, c'est que sa dégustation ne requiert pas nécessairement de temps de maturation (steep). Toutefois, si vous avez ajouté un booster ou un liquide de base neutre, Arômes et Liquides vous conseille de laisser reposer votre mélange dans un endroit sec et à l'abri de la lumière pendant environ48 heures. Ce temps de steep permet au Ragnarok Primal de délivrer un rendu aromatique optimal. À qui est adressé le e-liquide Ragnarok Primal 50ml ? Amateurs de vape au goût de fruits frais, découvrez la recette originale du Ragnarok Primal 50ml mélangeant desfruits rougesà une saveur demangue. Son format de 50ml à booster est particulièrement adapté aux vapoteurs ayant besoin d'un taux faible en nicotine (jusqu'à 3mg/ml avec l'ajout d'un booster non inclus). De quoi se compose le e-liquide Ragnarok Primal 50ml ? Le Ragnarok Primal 50ml est un e-liquide pour cigarette électronique entièrement fabriqué et conditionné enFrance, par la marque Arômes et Liquides. Garanti sans diacétyle, il n'a évidemment pas fait l'objet de tests sur des animaux. Sa composition issue d'un cahier des charges rigoureux est réalisée à partir d'arômes alimentaires de qualité pharmaceutique, de propylène glycol (PG) et de glycérine végétale (VG), pour un ratio50PG/50VG. Ce type de ratio procure un équilibre entre hit en gorge, rendu des saveurs et production de vapeur. Il est d'autre part compatible avec la majorité des matériels, sauf sub ohm. Le Ragnarok Primal 50ml est conditionné dans une fiole PET de 60ml, contenant 50ml de e-liquide non nicotiné et surboosté en arômes. Cette fiole est dotée d'un bouchon avec sécurité enfant et d'un embout fin permettant un remplissage facile et propre de votre réservoir.
brand: Arômes et Liquides (A&L)
gout: fruit
info_brand: Arômes et Liquides (A&L) est un fabricant français de e-liquides et concentrés DIY depuis 2012. Avec ses laborantins situés non loin de Saint-Étienne dans la Loire, il vous présente une vaste collection de saveurs allant des plus simples aux plus complexes. La marque s'est notamment distinguée dans l'univers de la vape grâce à sa recette classic du Ryan USA de la gamme A&L, puis du mix au goût de fruits rouges Ragnarok de la collection Ultimate.
id_produit: 92"
liquide avec lime,"Pour un liquide avec saveur de lime, je vous recommande le produit suivant :

- **Frozen Lemon And Lime 100ml Ice Chuffed** : Ce e-liquide propose des saveurs fraîches de citrons jaunes et verts, incluant la lime. Il est surboosté et peut être ajusté avec des boosters de nicotine selon vos besoins. Vous pouvez le trouver [ici](https://www.aromes-et-liquides.fr/e-liquide-chuffed/14228-frozen-lemon-and-lime-100ml-ice.html).

Si vous avez besoin d'autres informations, n'hésitez pas à demander.","index: 28
url: https://www.aromes-et-liquides.fr/e-liquide-chuffed/14228-frozen-lemon-and-lime-100ml-ice.html
nom_produit: Frozen Lemon And Lime 100ml Ice Chuffed
img_produit: https://assets.aromes-et-liquides.fr/42095-thickbox_default/frozen-lemon-and-lime-100ml-ice.jpg
prix_produit: 9.9
contenance: 100ml (fiole de 120ml)
pg_vg: 30/70
origine: Royaume-Uni
frais: Oui
surbooste: Oui
saveur: lime, citron, lemon
description: Le Frozen Lemon And Lime 100ml est un e-liquide à booster issu de la collection Ice de la marque Chuffed, auxsaveurs fraîches de citrons jaunes et verts. Sa recette fabriquée en France se compose d'arômes alimentaires, de propylène glycol (PG) et de glycérine végétale (VG), pour un ratio 30PG/70VG. Présenté dans une fiole de 120ml dotée d'un bouchon sécurisé et d'un embout fin,vous pouvez au besoin lui additionnerdu liquide de base ou des boosters 10ml de nicotine (non inclus). Qui est Chuffed ? Chuffed est une marque originaire du Royaume-Uni, spécialisée dans la conception de e-liquides pour cigarette électronique. Retrouvez les recettes de Chuffed en format de 100ml, non nicotinés de base et à booster en fonction de vos besoins. Comment préparer votre e-liquide Frozen Lemon And Lime ? Ce e-liquide est proposé en version100mlboostée en arômes dans un flacon de120ml. Si vous le souhaitez, vous pouvez ajouter un ou plusieurs boosters de nicotine selon vos besoins sans perte de saveur. Pour booster votre e-liquide, vous devez : Indications pour préparer votre e-liquide surboosté de 50 ml : La place disponible dans le flacon d'origine n’est peut-être pas suffisante pour booster votre e-liquide au taux de nicotine souhaité. Pour les dosages importants, nous vous conseillons l’utilisation de contenants plus importants commeun flacon de 100ml graduéouun flacon Twist de 230ml gradué. Astuce : pensez à adapter votre matériel au ratio PG/VG de votre e-liquide ! Vous limiterez ainsi le risque de fuite et l’usure prématurée de vos résistances ! Quel taux de nicotine choisir pour votre e-liquide ? Le choix de votre taux de nicotine dépend de votre profil de fumeur ainsi que de la cigarette électronique utilisée : Si vous utilisez du matériel plus performant avec une résistance inférieure à 1 ohm et pour une puissance supérieure à 30 watts, vous pouvez diviser votre taux de nicotine par deux. Nos conseils pour la maturation de votre e-liquide surboosté De la même façon que pour un e-liquide DIY, on peut observer un temps de repos avec un e-liquide surboosté en arômes après l’ajout d’un ou plusieurs boosters de nicotine. Ce temps de maturation que l’on appelle aussi “steep” permet aux arômes de se développer et de mieux s’exprimer. Pour une maturation optimale, il faut compter : Pour un rendu optimal : secouez votre fiole de e-liquide une fois par jour pour que les arômes se diffusent correctement. Conservation de votre e-liquide Pour une conservation optimale de votre e-liquide, nous vous conseillons de stocker votre flacon à l'abri de la lumière dans un droit sec et à température ambiante. Après contacts répétés à l'air et à la lumière, la couleur de votre e-liquide peut se foncer. Ce changement de couleur n'affecte ni la qualité ni le goût de votre e-liquide. La date indiquée sur l'étiquette est une DLUO (date limite d'utilisation optimale) ou DDM (date de durabilité minimale). Passé cette date, le e-liquide peut encore être consommé.
brand: Chuffed
gout: fruit
info_brand: Chuffed est une marque originaire du Royaume-Uni, spécialisée dans la conception de e-liquides pour cigarette électronique. Retrouvez les recettes de Chuffed en format de 100ml, non nicotinés de base et à booster en fonction de vos besoins.
id_produit: 29
index: 75
url: https://www.aromes-et-liquides.fr/e-liquide-pulp/4838-e-liquide-cherry-frost-par-pulp.html
nom_produit: Cherry Frost Frost & Furious PULP
img_produit: https://assets.aromes-et-liquides.fr/54918-thickbox_default/e-liquide-cherry-frost-par-pulp.jpg
prix_produit: 6.5
contenance: 10ml
pg_vg: 40/60
origine: France
frais: Oui
surbooste: Non
saveur: baies, baie, cerise, lime, baies noires
description: Le fabricant français vous propose unduo frais et fruitéà vapoter, aux saveurs de baies noires et de cerises. Notez que ce e liquide estprêt à vapoter.Vous choisirez votre taux de nicotine parmi ceux proposés (0, 3, 6 et 12mg/ml), puis vous le verserez simplement dans votre matériel de vape ! Le Cherry Frost est un e-liquide pour cigarettes électroniques d'origine française. Son fabricant, PULP, l'a réalisé à partir d'arômes alimentaires, de propylène glycol et de glycérine végétale pour un ratio PG/VG de 40/60. Conditionné en fiole PET souple, il dispose d'un bouchon à sécurité enfant et d'un embout fin propre et pratique, à dropper fin. Qui est PULP ? C'est dans leur laboratoire français, et plus particulièrement parisien que les aromaticiens de la marque PULP conçoivent leurs multiples recettes, et ce, toujours avec le sens du détail. Ainsi, il vous présente aussi bien des e-liquides prêts à vaper, à booster, ou encore des concentrés DIY (Do It Yourself) aux saveurs finement reproduites et de diverses variétés. Nos conseils pour utiliser votre e-liquide Cherry Frost L'utilisation d'un e-liquide est exclusivement réservée à la cigarette électronique. Nous vous recommandons de bien agiter votre flacon de e-liquide avant emploi. Pour limiter les risques de fuites et prolonger la durée de vie de vos résistances, nous vous conseillons d'utiliser un clearomiseur adapté au taux PG/VG de votre e-liquide. Quel taux de nicotine choisir pour votre e-liquide ? Le choix de votre taux de nicotine dépend de votre profil de fumeur ainsi que de la cigarette électronique utilisée. Si vous utilisez une cigarette électronique équipée d'une résistance égale ou supérieure à 1 ohm et à une puissance ne dépassant pas les 30 watts, voici nos recommandations pour choisir votre taux de nicotine : Si vous utilisez une cigarette électronique plus performante équipée de résistances dont la valeur est inférieure à 1 ohm et pour une puissance supérieure à 30 watts, nous vous conseillons d'utiliser un taux de nicotine plus faible : Conservation de votre e-liquide Pour une conservation optimale de votre e-liquide, nous vous conseillons de stocker votre flacon à l'abri de la lumière dans un droit sec et à température ambiante. Après contacts répétés à l'air et à la lumière, la couleur de votre e-liquide peut se foncer. Ce changement de couleur n'affecte ni la qualité ni le goût de votre e-liquide. La date indiquée sur l'étiquette est une DLUO (date limite d'utilisation optimale) ou DDM (date de durabilité minimale). Passé cette date, le e-liquide peut encore être consommé. Mises en garde et contre-indications : Précautions d'emploi :
brand: PULP
gout: fruit
info_brand: C'est dans leur laboratoire français, et plus particulièrement parisien que les aromaticiens de la marque PULP conçoivent leurs multiples recettes, et ce, toujours avec le sens du détail. Ainsi, il vous présente aussi bien des e-liquides prêts à vaper, à booster, ou encore des concentrés DIY (Do It Yourself) aux saveurs finement reproduites et de diverses variétés.
id_produit: 76
index: 91
url: https://www.aromes-et-liquides.fr/e-liquide-ultimate/16916-ragnarok-primal-50ml.html
nom_produit: Ragnarok Primal 50ml Ultimate A&L
img_produit: https://assets.aromes-et-liquides.fr/50238-thickbox_default/ragnarok-primal-50ml.jpg
prix_produit: 18.9
contenance: 50ml (fiole de 60ml)
pg_vg: 50/50
origine: France
frais: Oui
surbooste: Oui
saveur: baies, mangue, fruits rouges, baie, lime, baies rouges
description: Arômes et Liquides vous propose des saveurs fraîches aux goûts de fruits avec ce e-liquide pour cigarette électronique issu de lacollection A&L Ultimate. Retrouvez ainsi le duo de fruits : baies rouges et mangue. Prêt à l'emploi, le Ragnarok Primal 50ml peut également au besoin être complété par un booster 10ml (non inclus), afin de le vapoter nicotiné. Qu'est-ce que le e-liquide Ragnarok Primal 50ml ? Destiné au réservoir de votre cigarette électronique, le Ragnarok Primal 50ml est un e-liquide imaginé et créé par Arômes et Liquides pour sa gamme A&L Ultimate. Surboosté en arômes et non nicotiné de base, il vous est livré dans une fiole PET de 60ml, remplie à hauteur de 50ml de e-liquide. Cet espace restant vous permet au besoin d'ajouter un booster 10ml directement dans son flacon, sans aucune perte de saveur. Pourquoi choisir le Ragnarok Primal en e-liquide 50ml ? Optez pour la version prête à l'emploi du Ragnarok Primal et vapotez son mélange équilibré en saveur, sans aucune manipulation à effectuer ! Goûtez à la recette originelle telle qu'elle a été imaginée par les aromaticiens de chez Arômes et Liquides, avec ce mix de fruits rouges et de mangue. Comment s'utilise le e-liquide Ragnarok Primal en 50ml ? Le Ragnarok Primal 50mls'adaptera à vos besoins. Non nicotiné de base et surboosté en arômes, ce e-liquide pour cigarette électronique peut se vapoter avec ou sans ajout de nicotine. Aussi, en fonction de vos habitudes, vous utiliserez sonflacon de 60mlrempli à hauteur de 50ml de e-liquide pour le compléter au besoin avec un booster 10ml ou un liquide de base neutre. Suivez nos conseils ci-dessous selon vos préférences d'utilisation ! La préparation sans nicotine Vous êtes passé au vapotage en 0mg/ml de nicotine et vous souhaitez utiliser votre Ragnarok Primal 50ml ? Pour cela, vous avez le choix entre : La préparation avec nicotine Grâce au Ragnarok Primal et sa fiole de 60ml remplie à hauteur de 50ml de e-liquide, vous pourrez directement le compléter avec un booster 10ml. Ce procédé vous permet d'obtenir 60ml de e-liquide avec un taux nicotinique d'environ 3mg/ml. Pour cela : Vous souhaitez obtenir un taux de nicotine plus élevé ? Munissez-vous pour cela d'un flacon vide pour réaliser votre mélange. La maturation L'avantage d'opter pour un e-liquide, c'est que sa dégustation ne requiert pas nécessairement de temps de maturation (steep). Toutefois, si vous avez ajouté un booster ou un liquide de base neutre, Arômes et Liquides vous conseille de laisser reposer votre mélange dans un endroit sec et à l'abri de la lumière pendant environ48 heures. Ce temps de steep permet au Ragnarok Primal de délivrer un rendu aromatique optimal. À qui est adressé le e-liquide Ragnarok Primal 50ml ? Amateurs de vape au goût de fruits frais, découvrez la recette originale du Ragnarok Primal 50ml mélangeant desfruits rougesà une saveur demangue. Son format de 50ml à booster est particulièrement adapté aux vapoteurs ayant besoin d'un taux faible en nicotine (jusqu'à 3mg/ml avec l'ajout d'un booster non inclus). De quoi se compose le e-liquide Ragnarok Primal 50ml ? Le Ragnarok Primal 50ml est un e-liquide pour cigarette électronique entièrement fabriqué et conditionné enFrance, par la marque Arômes et Liquides. Garanti sans diacétyle, il n'a évidemment pas fait l'objet de tests sur des animaux. Sa composition issue d'un cahier des charges rigoureux est réalisée à partir d'arômes alimentaires de qualité pharmaceutique, de propylène glycol (PG) et de glycérine végétale (VG), pour un ratio50PG/50VG. Ce type de ratio procure un équilibre entre hit en gorge, rendu des saveurs et production de vapeur. Il est d'autre part compatible avec la majorité des matériels, sauf sub ohm. Le Ragnarok Primal 50ml est conditionné dans une fiole PET de 60ml, contenant 50ml de e-liquide non nicotiné et surboosté en arômes. Cette fiole est dotée d'un bouchon avec sécurité enfant et d'un embout fin permettant un remplissage facile et propre de votre réservoir.
brand: Arômes et Liquides (A&L)
gout: fruit
info_brand: Arômes et Liquides (A&L) est un fabricant français de e-liquides et concentrés DIY depuis 2012. Avec ses laborantins situés non loin de Saint-Étienne dans la Loire, il vous présente une vaste collection de saveurs allant des plus simples aux plus complexes. La marque s'est notamment distinguée dans l'univers de la vape grâce à sa recette classic du Ryan USA de la gamme A&L, puis du mix au goût de fruits rouges Ragnarok de la collection Ultimate.
id_produit: 92"
liquide avec orange,"Le produit qui correspond à votre recherche de liquide avec orange est le ""Citron Orange Mandarine Fruizee"" par Eliquid France. Ce e-liquide combine les saveurs fraîches de l'orange, du citron et de la mandarine. Vous pouvez le trouver [ici](https://www.aromes-et-liquides.fr/e-liquide-fruizee/3885-e-liquide-fruizee-citron-orange-mandarine-par-eliquid-france.html).","index: 20
url: https://www.aromes-et-liquides.fr/e-liquide-fruizee/3885-e-liquide-fruizee-citron-orange-mandarine-par-eliquid-france.html
nom_produit: Citron Orange Mandarine Fruizee
img_produit: https://assets.aromes-et-liquides.fr/54552-thickbox_default/e-liquide-fruizee-citron-orange-mandarine-par-eliquid-france.jpg
prix_produit: 4.9
contenance: 10ml
pg_vg: 50/50
origine: France
frais: Oui
surbooste: Non
saveur: orange, citron, mandarine, lime, agrumes
description: Le Fruizee Citron Orange Mandarine par Eliquid France est un e-liquide français pour cigarette électronique qui mêle toutes les saveurs fraîches de ces trois agrumes. Composé d'arômes alimentaires, de propylène glycol (PG) et de glycérine végétale (VG). Il est présenté dans unratio de 50PG/50VG. Il vous est proposé dans une fiole souple et colorée de type PET 10ml, avec un embout fin pour procéder facilement au remplissage de tous vos clearomiseurs et atomiseurs, mais aussi un bouchon avec sécurité enfant pour la protection des plus petits. Enfin, vous aurez le choix entre plusieurs taux de nicotine : 0, 3, 6 et 12 mg/ml. Qui est Eliquid France ? Créé en 2013 à Nieul sur Mer en Charente-Maritime, le laboratoire Eliquid France s'est fait une place de choix dans l'univers de la vape grâce à des liquides de qualité, exportant ses créations dans le monde entier. Toujours en recherche d'innovation, la marque française propose des recettes variées aux saveurs allant de simples à complexes, et se déclinant autant en arôme DIY qu'en e-liquide prêt à vaper. La gamme Fruizee Collection ayant fait la réputation de la marque Eliquid France, elle mélange des saveurs fruitées et fraîches finement réalisées dans des recettes DIY comme dans des e-liquides prêts à vaper ou à booster ! Nos conseils pour utiliser votre e-liquide Citron Orange L'utilisation d'un e-liquide est exclusivement réservée à la cigarette électronique. Nous vous recommandons de bien agiter votre flacon de e-liquide avant emploi. Pour limiter les risques de fuites et prolonger la durée de vie de vos résistances, nous vous conseillons d'utiliser un clearomiseur adapté au taux PG/VG de votre e-liquide. Quel taux de nicotine choisir pour votre e-liquide ? Le choix de votre taux de nicotine dépend de votre profil de fumeur ainsi que de la cigarette électronique utilisée. Si vous utilisez une cigarette électronique équipée d'une résistance égale ou supérieure à 1 ohm et à une puissance ne dépassant pas les 30 watts, voici nos recommandations pour choisir votre taux de nicotine : Si vous utilisez une cigarette électronique plus performante équipée de résistances dont la valeur est inférieure à 1 ohm et pour une puissance supérieure à 30 watts, nous vous conseillons d'utiliser un taux de nicotine plus faible : Conservation de votre e-liquide Pour une conservation optimale de votre e-liquide, nous vous conseillons de stocker votre flacon à l'abri de la lumière dans un droit sec et à température ambiante. Après contacts répétés à l'air et à la lumière, la couleur de votre e-liquide peut se foncer. Ce changement de couleur n'affecte ni la qualité ni le goût de votre e-liquide. La date indiquée sur l'étiquette est une DLUO (date limite d'utilisation optimale) ou DDM (date de durabilité minimale). Passé cette date, le e-liquide peut encore être consommé. Mises en garde et contre-indications : Précautions d'emploi :
brand: Eliquid France
gout: fruit
info_brand: Créé en 2013 à Nieul sur Mer en Charente-Maritime, le laboratoire Eliquid France s'est fait une place de choix dans l'univers de la vape grâce à des liquides de qualité, exportant ses créations dans le monde entier. Toujours en recherche d'innovation, la marque française propose des recettes variées aux saveurs allant de simples à complexes, et se déclinant autant en arôme DIY qu'en e-liquide prêt à vaper.
id_produit: 21
index: 4
url: https://www.aromes-et-liquides.fr/e-liquide-t-juice/3539-e-liquide-red-astaire-par-t-juice.html
nom_produit: Red Astaire T-Juice
img_produit: https://assets.aromes-et-liquides.fr/55065-thickbox_default/e-liquide-red-astaire-par-t-juice.jpg
prix_produit: 4.9
contenance: 10ml
pg_vg: 50/50
origine: Royaume-Uni
frais: Oui
surbooste: Non
saveur: fruits rouges, raisin, menthol, anis, lime, menthe
description: Le Red Astaire est un e-liquide qui a rencontré un énorme succès dès son arrivée sur le marché, au point de devenirle all-day de millions de vapoteurs dans le monde. Retrouvez ainsi sonmix frais de fruits rouges, raisin, anis et mentholdans un format prêt à l'emploi et disponible en plusieurs taux de nicotine au choix : 0, 3, 6, 12 et 18mg/ml. Qu'est-ce que le e-liquide Red Astaire ? Le e-liquide Red Astaire est unproduit prêt à l'emploi pour cigarette électronique. Il s'utilise de suite, dès sa réception, et au taux de nicotine de votre choix. D'origine anglaise, le e-liquide Red Astaire est connu pour son goût frais et fruité, entre fruits rouges et raisin, menthe et anis. Pourquoi choisir ce e liquide 10ml ? Le e liquide Red Astaire 10ml est souvent recommandé pour commencer, et l'on comprend pourquoi : son format prêt à vaper le rendpratique à transporter et facile à utiliser, son goût frais et fruitéest proposé danstous les taux de nicotine pour s'adapter à tous les vapoteurs. Choisissez-le donc pour sa praticité, sa simplicité et surtout, sa recette plébiscitée dans le monde entier ! Comment utiliser le Red Astaire e liquide ? Puisqu'il est déjà prêt à être vapoté dans votre e-cigarette, le e-liquide Red Astaire T-Juice ne demandeni préparation ni ajustement. Une fois livré, il suffit de : Facile à utiliser, d'accord. Mais, au niveau du taux nicotinique, lequel faut-il choisir ? Bien choisir son taux de nicotine Pour bien débuter dans le monde de la vape, il faut en passer par un calcul simple : celui du taux nicotinique adapté à votre ancienne (ou actuelle) consommation de cigarettes. Pour vous aider : Si vous hésitez entre deux taux nicotiniques, partez plutôt sur le plus élevé des deux. Vous l'ajusterez ensuite, au besoin ! Notez également que le e-liquide Red Astaire en 10ml est également disponible sans nicotine, soit en 0mg/ml. À qui est destiné le Red Astaire 10ml ? Le e-liquide Red Astaire, c'estLA recette des vapoteurs débutantsqui souhaitent un goût frais et fruité pour les accompagner tout au long de la journée. Si vous faites vos premiers pas dans la vape, ce e liquide est également tout indiqué. Il est prêt à être consommé dans votre cigarette électronique, peu importe le taux de nicotine dont vous avez besoin ! À partir de quoi est créé le e-liquide Red Astaire ? C'est au Royaume-Uni, dans les laboratoires de T-Juice, que chaque fiole de Red Astaire voit le jour. Pour sa recette, le fabricant anglais utiliseseulement des ingrédients de haute qualité, entre arômes alimentaires, propylène glycol et glycérine végétale, sans oublier nicotine (sauf pour sa version en 0mg). Pour son conditionnement, le fabricant anglais opte aussi pour un contenant de qualité : des fioles type PET, en 10ml, avec bouchon sécurisé et embout fin. Et, afin que votre Red Astaire soit utilisable par tous et dans toutes les cigarettes électroniques, T-Juice le réalise dans unratio PG/VG équilibré, de 50/50.
brand: T-Juice
gout: fruit
info_brand: Implanté en Angleterre, et plus particulièrement dans le sud-ouest de Londres, la marque T-Juice vous présente une collection de recettes diverses et variées. Que ce soit des e-liquides ou arômes concentrés DIY (Do It Yourself), soyez certain de faire le bon choix avec la marque T-Juice ! Mondialement reconnu pour sa recette du Red Astaire, n'hésitez pas à découvrir des recettes encore plus vastes, mais toujours aussi abouties.
id_produit: 5
index: 82
url: https://www.aromes-et-liquides.fr/e-liquide-saiyen-vapors/3880-e-liquide-dragon-par-saiyen-vapors.html
nom_produit: Dragon Saiyen Vapors
img_produit: https://assets.aromes-et-liquides.fr/54469-thickbox_default/e-liquide-dragon-par-saiyen-vapors.jpg
prix_produit: 5.5
contenance: 10ml
pg_vg: 50/50
origine: France
frais: Non
surbooste: Non
saveur: ananas, orange, mangue
description: Le Dragon de la gamme Saiyen Vapors est une-liquide fruité au goût de mangue, d'orange et d'ananas. Le fabricant français Swoke vous le propose dans un format prêt à l'emploi et en différents taux de nicotine au choix :0, 3 et 6mg/ml. Composé d'arômes naturels, de propylène glycol (PG), et de glycérine végétale (VG), il présente un ratio de 50PG/50VG. Sa fiole de 10ml est pourvue d'un bouchon avec sécurité enfant. De plus, vous retrouverez un embout fin venant faciliter le remplissage de votre réservoir. Qui est Swoke ? Le fabricant français Swoke doit son succès dans le monde de la vape grâce à ses nombreuses gammes à thèmes de e-liquides et concentrés DIY finement réalisés, comme par exemple Saint Flava ou encore Vape Party. La gamme Saiyen Vapors Découvrez une collection devenue célèbre dans l'univers de la vape : la gamme Saiyen Vapors. Dédiés aux amateurs de saveurs fraîches et fruitées, ces e-liquides signés Swoke se déclinent en format prêt-à-vaper ou à booster. Nos conseils pour utiliser votre e-liquide Dragon L'utilisation d'un e-liquide est exclusivement réservée à la cigarette électronique. Nous vous recommandons de bien agiter votre flacon de e-liquide avant emploi. Pour limiter les risques de fuites et prolonger la durée de vie de vos résistances, nous vous conseillons d'utiliser un clearomiseur adapté au taux PG/VG de votre e-liquide. Quel taux de nicotine choisir pour votre e-liquide ? Le choix de votre taux de nicotine dépend de votre profil de fumeur ainsi que de la cigarette électronique utilisée. Si vous utilisez une cigarette électronique équipée d'une résistance égale ou supérieure à 1 ohm et à une puissance ne dépassant pas les 30 watts, voici nos recommandations pour choisir votre taux de nicotine : Si vous utilisez une cigarette électronique plus performante équipée de résistances dont la valeur est inférieure à 1 ohm et pour une puissance supérieure à 30 watts, nous vous conseillons d'utiliser un taux de nicotine plus faible : Conservation de votre e-liquide Pour une conservation optimale de votre e-liquide, nous vous conseillons de stocker votre flacon à l'abri de la lumière dans un droit sec et à température ambiante. Après contacts répétés à l'air et à la lumière, la couleur de votre e-liquide peut se foncer. Ce changement de couleur n'affecte ni la qualité ni le goût de votre e-liquide. La date indiquée sur l'étiquette est une DLUO (date limite d'utilisation optimale) ou DDM (date de durabilité minimale). Passé cette date, le e-liquide peut encore être consommé. Mises en garde et contre-indications : Précautions d'emploi :
brand: Swoke
gout: fruit
info_brand: Le fabricant français Swoke doit son succès dans le monde de la vape grâce à ses nombreuses gammes à thèmes de e-liquides et concentrés DIY finement réalisés, comme par exemple Saint Flava ou encore Vape Party.
id_produit: 83"
je veux un produit acide,"Parmi les produits listés, le e-liquide ""Rod Frukt"" par Savourea pourrait correspondre à votre recherche de produit acide, car il contient des saveurs de kiwi, fraise, pastèque et lime, qui peuvent apporter une touche d'acidité. Vous pouvez le consulter [ici](https://www.aromes-et-liquides.fr/e-liquide-frukt/5461-e-liquide-frukt-rod-par-savourea-.html).","index: 77
url: https://www.aromes-et-liquides.fr/e-liquide-vdlv/3744-e-liquide-cerise-par-vdlv.html
nom_produit: Cerise VDLV
img_produit: https://assets.aromes-et-liquides.fr/54973-thickbox_default/e-liquide-cerise-par-vdlv.jpg
prix_produit: 5.9
contenance: 10ml
pg_vg: 60/40
origine: France
frais: Non
surbooste: Non
saveur: lime, cerise, vin
description: Le Cerise est un e liquide pour cigarette électronique prêt à l'emploi fabriqué en France par Vincent Dans Les Vapes (VDLV. Sa recette augoût fruité de cerisesest composée d'arômes alimentaires, de propylène glycol et de glycérine végétale dans un ratio PG/VG de 60/40. Vous le retrouverez dans une fiole PET de 10ml, munie d'un bouchon sécurisé et d'un embout fin propre et pratique. Vous choisirez simplement entre ses différents taux de nicotine au choix :0, 3, 6 et 12mg/ml. Qui est VDLV ? VDLV, pour Vincent Dans Les Vapes, est un fabricant français de liquides pour cigarette électronique. Depuis 2012, la marque basée en Gironde s'attache à proposer des produits de qualité aux vapoteurs du monde entier. Fort de diverses gammes telles que Cirkus, Classic Wanted ou encore V'ICE, VDLV s'adresse autant aux amateurs de e-liquides prêts à vaper qu'aux utilisateurs d'arômes DIY. Nos conseils pour utiliser votre e-liquide Cerise L'utilisation d'un e-liquide est exclusivement réservée à la cigarette électronique. Nous vous recommandons de bien agiter votre flacon de e-liquide avant emploi. Pour limiter les risques de fuites et prolonger la durée de vie de vos résistances, nous vous conseillons d'utiliser un clearomiseur adapté au taux PG/VG de votre e-liquide. Quel taux de nicotine choisir pour votre e-liquide ? Le choix de votre taux de nicotine dépend de votre profil de fumeur ainsi que de la cigarette électronique utilisée. Si vous utilisez une cigarette électronique équipée d'une résistance égale ou supérieure à 1 ohm et à une puissance ne dépassant pas les 30 watts, voici nos recommandations pour choisir votre taux de nicotine : Si vous utilisez une cigarette électronique plus performante équipée de résistances dont la valeur est inférieure à 1 ohm et pour une puissance supérieure à 30 watts, nous vous conseillons d'utiliser un taux de nicotine plus faible : Conservation de votre e-liquide Pour une conservation optimale de votre e-liquide, nous vous conseillons de stocker votre flacon à l'abri de la lumière dans un droit sec et à température ambiante. Après contacts répétés à l'air et à la lumière, la couleur de votre e-liquide peut se foncer. Ce changement de couleur n'affecte ni la qualité ni le goût de votre e-liquide. La date indiquée sur l'étiquette est une DLUO (date limite d'utilisation optimale) ou DDM (date de durabilité minimale). Passé cette date, le e-liquide peut encore être consommé. Mises en garde et contre-indications : Précautions d'emploi :
brand: VDLV
gout: fruit
info_brand: VDLV, pour Vincent Dans Les Vapes, est un fabricant français de liquides pour cigarette électronique. Depuis 2012, la marque basée en Gironde s'attache à proposer des produits de qualité aux vapoteurs du monde entier. Fort de diverses gammes telles que Cirkus, Classic Wanted ou encore V'ICE, VDLV s'adresse autant aux amateurs de e-liquides prêts à vaper qu'aux utilisateurs d'arômes DIY.
id_produit: 78
index: 5
url: https://www.aromes-et-liquides.fr/e-liquide-al/9188-e-liquide-pomme-par-al.html
nom_produit: A&L Pomme
img_produit: https://assets.aromes-et-liquides.fr/53642-thickbox_default/e-liquide-pomme-par-al.jpg
prix_produit: 4.9
contenance: 10ml
pg_vg: 50/50
origine: France
frais: Non
surbooste: Non
saveur: lime, fruits rouges, pomme
description: Ce e-liquide pour cigarette électronique augoût de pomme verteest fabriqué en France par Arômes et Liquides (A&L). Il est composé d'arômes alimentaires, de propylène glycol (PG) et de glycérine végétale (VG) dans unratio 50PG/50VGpour un compromis idéal entre rendu de saveur, hit et volume de vapeur. Le e liquide Pomme Verte par A&L est conditionné en fiole de 10 ml avec sécurité enfant et embout fin pour faciliter le remplissage des clearomiseurs de vos cigarettes électroniques. Ce savoureux nectar est disponible en 0, 3, 6 et 12 mg/ml de nicotine. Qui est Arômes et Liquides (A&L) ? Arômes et Liquides (A&L) est un fabricant français de e-liquides et concentrés DIY depuis 2012. Avec ses laborantins situés non loin de Saint-Étienne dans la Loire, il vous présente une vaste collection de saveurs allant des plus simples aux plus complexes. La marque s'est notamment distinguée dans l'univers de la vape grâce à sa recette classic du Ryan USA de la gamme A&L, puis du mix au goût de fruits rouges Ragnarok de la collection Ultimate. Nos conseils pour utiliser votre e-liquide Pomme L'utilisation d'un e-liquide est exclusivement réservée à la cigarette électronique. Nous vous recommandons de bien agiter votre flacon de e-liquide avant emploi. Pour limiter les risques de fuites et prolonger la durée de vie de vos résistances, nous vous conseillons d'utiliser un clearomiseur adapté au taux PG/VG de votre e-liquide. Quel taux de nicotine choisir pour votre e-liquide ? Le choix de votre taux de nicotine dépend de votre profil de fumeur ainsi que de la cigarette électronique utilisée. Si vous utilisez une cigarette électronique équipée d'une résistance égale ou supérieure à 1 ohm et à une puissance ne dépassant pas les 30 watts, voici nos recommandations pour choisir votre taux de nicotine : Si vous utilisez une cigarette électronique plus performante équipée de résistances dont la valeur est inférieure à 1 ohm et pour une puissance supérieure à 30 watts, nous vous conseillons d'utiliser un taux de nicotine plus faible : Conservation de votre e-liquide Pour une conservation optimale de votre e-liquide, nous vous conseillons de stocker votre flacon à l'abri de la lumière dans un droit sec et à température ambiante. Après contacts répétés à l'air et à la lumière, la couleur de votre e-liquide peut se foncer. Ce changement de couleur n'affecte ni la qualité ni le goût de votre e-liquide. La date indiquée sur l'étiquette est une DLUO (date limite d'utilisation optimale) ou DDM (date de durabilité minimale). Passé cette date, le e-liquide peut encore être consommé. Mises en garde et contre-indications : Précautions d'emploi :
brand: Arômes et Liquides (A&L)
gout: fruit
info_brand: Arômes et Liquides (A&L) est un fabricant français de e-liquides et concentrés DIY depuis 2012. Avec ses laborantins situés non loin de Saint-Étienne dans la Loire, il vous présente une vaste collection de saveurs allant des plus simples aux plus complexes. La marque s'est notamment distinguée dans l'univers de la vape grâce à sa recette classic du Ryan USA de la gamme A&L, puis du mix au goût de fruits rouges Ragnarok de la collection Ultimate.
id_produit: 6
index: 62
url: https://www.aromes-et-liquides.fr/e-liquide-frukt/5461-e-liquide-frukt-rod-par-savourea-.html
nom_produit: Rod Frukt
img_produit: https://assets.aromes-et-liquides.fr/54567-thickbox_default/e-liquide-frukt-rod-par-savourea-.jpg
prix_produit: 4.9
contenance: 10ml
pg_vg: 50/50
origine: France
frais: Non
surbooste: Non
saveur: fraise, lime, pastèque, kiwi
description: Le Rod est un e-liquide français de la gamme Frukt à la saveurfruitéede kiwi, de pastèque et de fraise. Il est fabriqué par Savourea à base d'arômes alimentaires, de propylène glycol (PG), et de glycérine végétale (VG) dans un ratioPG/VG de 50/50. Prêt à l'emploi, il est déjà nicotiné et disponible en plusieurs taux. Il est également conditionné en fiole PET 10ml et dispose d'un bouchon sécurisé comme d'un embout fin propre et pratique. Qui est Savourea ? Fabricant français de renom, Savourea a su s'imposer au fil des années dans le réservoir d'un grand nombre de vapoteurs, et ce, même les plus exigeants. Maîtrisant aussi bien les saveurs fraîches de fruits, que les classics, voire les plus complexes, la marque française vous présente une multitude de gammes de e-liquides, mais également de concentrés DIY (Do It Yourself). Quelques mots sur Frukt Enrichissant les différentes gammes du fabricant français Savourea, la collection Frukt se destine aux vapoteurs à la recherche de e-liquides fruités présentés dans un format simple et pratique de 10ml. Nos conseils pour utiliser votre e-liquide Rod L'utilisation d'un e-liquide est exclusivement réservée à la cigarette électronique. Nous vous recommandons de bien agiter votre flacon de e-liquide avant emploi. Pour limiter les risques de fuites et prolonger la durée de vie de vos résistances, nous vous conseillons d'utiliser un clearomiseur adapté au taux PG/VG de votre e-liquide. Quel taux de nicotine choisir pour votre e-liquide ? Le choix de votre taux de nicotine dépend de votre profil de fumeur ainsi que de la cigarette électronique utilisée. Si vous utilisez une cigarette électronique équipée d'une résistance égale ou supérieure à 1 ohm et à une puissance ne dépassant pas les 30 watts, voici nos recommandations pour choisir votre taux de nicotine : Si vous utilisez une cigarette électronique plus performante équipée de résistances dont la valeur est inférieure à 1 ohm et pour une puissance supérieure à 30 watts, nous vous conseillons d'utiliser un taux de nicotine plus faible : Conservation de votre e-liquide Pour une conservation optimale de votre e-liquide, nous vous conseillons de stocker votre flacon à l'abri de la lumière dans un droit sec et à température ambiante. Après contacts répétés à l'air et à la lumière, la couleur de votre e-liquide peut se foncer. Ce changement de couleur n'affecte ni la qualité ni le goût de votre e-liquide. La date indiquée sur l'étiquette est une DLUO (date limite d'utilisation optimale) ou DDM (date de durabilité minimale). Passé cette date, le e-liquide peut encore être consommé. Mises en garde et contre-indications : Précautions d'emploi :
brand: Savourea
gout: fruit
info_brand: Fabricant français de renom, Savourea a su s'imposer au fil des années dans le réservoir d'un grand nombre de vapoteurs, et ce, même les plus exigeants. Maîtrisant aussi bien les saveurs fraîches de fruits, que les classics, voire les plus complexes, la marque française vous présente une multitude de gammes de e-liquides, mais également de concentrés DIY (Do It Yourself).
id_produit: 63"
je veux un produit acide,"Parmi les produits listés, le e-liquide ""Rod Frukt"" par Savourea pourrait correspondre à votre recherche d'un produit acide. Il contient des saveurs de fraise, lime, pastèque et kiwi, où la lime peut apporter une touche acide. Voici le lien pour plus d'informations : [Rod Frukt](https://www.aromes-et-liquides.fr/e-liquide-frukt/5461-e-liquide-frukt-rod-par-savourea-.html).","index: 77
url: https://www.aromes-et-liquides.fr/e-liquide-vdlv/3744-e-liquide-cerise-par-vdlv.html
nom_produit: Cerise VDLV
img_produit: https://assets.aromes-et-liquides.fr/54973-thickbox_default/e-liquide-cerise-par-vdlv.jpg
prix_produit: 5.9
contenance: 10ml
pg_vg: 60/40
origine: France
frais: Non
surbooste: Non
saveur: lime, cerise, vin
description: Le Cerise est un e liquide pour cigarette électronique prêt à l'emploi fabriqué en France par Vincent Dans Les Vapes (VDLV. Sa recette augoût fruité de cerisesest composée d'arômes alimentaires, de propylène glycol et de glycérine végétale dans un ratio PG/VG de 60/40. Vous le retrouverez dans une fiole PET de 10ml, munie d'un bouchon sécurisé et d'un embout fin propre et pratique. Vous choisirez simplement entre ses différents taux de nicotine au choix :0, 3, 6 et 12mg/ml. Qui est VDLV ? VDLV, pour Vincent Dans Les Vapes, est un fabricant français de liquides pour cigarette électronique. Depuis 2012, la marque basée en Gironde s'attache à proposer des produits de qualité aux vapoteurs du monde entier. Fort de diverses gammes telles que Cirkus, Classic Wanted ou encore V'ICE, VDLV s'adresse autant aux amateurs de e-liquides prêts à vaper qu'aux utilisateurs d'arômes DIY. Nos conseils pour utiliser votre e-liquide Cerise L'utilisation d'un e-liquide est exclusivement réservée à la cigarette électronique. Nous vous recommandons de bien agiter votre flacon de e-liquide avant emploi. Pour limiter les risques de fuites et prolonger la durée de vie de vos résistances, nous vous conseillons d'utiliser un clearomiseur adapté au taux PG/VG de votre e-liquide. Quel taux de nicotine choisir pour votre e-liquide ? Le choix de votre taux de nicotine dépend de votre profil de fumeur ainsi que de la cigarette électronique utilisée. Si vous utilisez une cigarette électronique équipée d'une résistance égale ou supérieure à 1 ohm et à une puissance ne dépassant pas les 30 watts, voici nos recommandations pour choisir votre taux de nicotine : Si vous utilisez une cigarette électronique plus performante équipée de résistances dont la valeur est inférieure à 1 ohm et pour une puissance supérieure à 30 watts, nous vous conseillons d'utiliser un taux de nicotine plus faible : Conservation de votre e-liquide Pour une conservation optimale de votre e-liquide, nous vous conseillons de stocker votre flacon à l'abri de la lumière dans un droit sec et à température ambiante. Après contacts répétés à l'air et à la lumière, la couleur de votre e-liquide peut se foncer. Ce changement de couleur n'affecte ni la qualité ni le goût de votre e-liquide. La date indiquée sur l'étiquette est une DLUO (date limite d'utilisation optimale) ou DDM (date de durabilité minimale). Passé cette date, le e-liquide peut encore être consommé. Mises en garde et contre-indications : Précautions d'emploi :
brand: VDLV
gout: fruit
info_brand: VDLV, pour Vincent Dans Les Vapes, est un fabricant français de liquides pour cigarette électronique. Depuis 2012, la marque basée en Gironde s'attache à proposer des produits de qualité aux vapoteurs du monde entier. Fort de diverses gammes telles que Cirkus, Classic Wanted ou encore V'ICE, VDLV s'adresse autant aux amateurs de e-liquides prêts à vaper qu'aux utilisateurs d'arômes DIY.
id_produit: 78
index: 5
url: https://www.aromes-et-liquides.fr/e-liquide-al/9188-e-liquide-pomme-par-al.html
nom_produit: A&L Pomme
img_produit: https://assets.aromes-et-liquides.fr/53642-thickbox_default/e-liquide-pomme-par-al.jpg
prix_produit: 4.9
contenance: 10ml
pg_vg: 50/50
origine: France
frais: Non
surbooste: Non
saveur: lime, fruits rouges, pomme
description: Ce e-liquide pour cigarette électronique augoût de pomme verteest fabriqué en France par Arômes et Liquides (A&L). Il est composé d'arômes alimentaires, de propylène glycol (PG) et de glycérine végétale (VG) dans unratio 50PG/50VGpour un compromis idéal entre rendu de saveur, hit et volume de vapeur. Le e liquide Pomme Verte par A&L est conditionné en fiole de 10 ml avec sécurité enfant et embout fin pour faciliter le remplissage des clearomiseurs de vos cigarettes électroniques. Ce savoureux nectar est disponible en 0, 3, 6 et 12 mg/ml de nicotine. Qui est Arômes et Liquides (A&L) ? Arômes et Liquides (A&L) est un fabricant français de e-liquides et concentrés DIY depuis 2012. Avec ses laborantins situés non loin de Saint-Étienne dans la Loire, il vous présente une vaste collection de saveurs allant des plus simples aux plus complexes. La marque s'est notamment distinguée dans l'univers de la vape grâce à sa recette classic du Ryan USA de la gamme A&L, puis du mix au goût de fruits rouges Ragnarok de la collection Ultimate. Nos conseils pour utiliser votre e-liquide Pomme L'utilisation d'un e-liquide est exclusivement réservée à la cigarette électronique. Nous vous recommandons de bien agiter votre flacon de e-liquide avant emploi. Pour limiter les risques de fuites et prolonger la durée de vie de vos résistances, nous vous conseillons d'utiliser un clearomiseur adapté au taux PG/VG de votre e-liquide. Quel taux de nicotine choisir pour votre e-liquide ? Le choix de votre taux de nicotine dépend de votre profil de fumeur ainsi que de la cigarette électronique utilisée. Si vous utilisez une cigarette électronique équipée d'une résistance égale ou supérieure à 1 ohm et à une puissance ne dépassant pas les 30 watts, voici nos recommandations pour choisir votre taux de nicotine : Si vous utilisez une cigarette électronique plus performante équipée de résistances dont la valeur est inférieure à 1 ohm et pour une puissance supérieure à 30 watts, nous vous conseillons d'utiliser un taux de nicotine plus faible : Conservation de votre e-liquide Pour une conservation optimale de votre e-liquide, nous vous conseillons de stocker votre flacon à l'abri de la lumière dans un droit sec et à température ambiante. Après contacts répétés à l'air et à la lumière, la couleur de votre e-liquide peut se foncer. Ce changement de couleur n'affecte ni la qualité ni le goût de votre e-liquide. La date indiquée sur l'étiquette est une DLUO (date limite d'utilisation optimale) ou DDM (date de durabilité minimale). Passé cette date, le e-liquide peut encore être consommé. Mises en garde et contre-indications : Précautions d'emploi :
brand: Arômes et Liquides (A&L)
gout: fruit
info_brand: Arômes et Liquides (A&L) est un fabricant français de e-liquides et concentrés DIY depuis 2012. Avec ses laborantins situés non loin de Saint-Étienne dans la Loire, il vous présente une vaste collection de saveurs allant des plus simples aux plus complexes. La marque s'est notamment distinguée dans l'univers de la vape grâce à sa recette classic du Ryan USA de la gamme A&L, puis du mix au goût de fruits rouges Ragnarok de la collection Ultimate.
id_produit: 6
index: 62
url: https://www.aromes-et-liquides.fr/e-liquide-frukt/5461-e-liquide-frukt-rod-par-savourea-.html
nom_produit: Rod Frukt
img_produit: https://assets.aromes-et-liquides.fr/54567-thickbox_default/e-liquide-frukt-rod-par-savourea-.jpg
prix_produit: 4.9
contenance: 10ml
pg_vg: 50/50
origine: France
frais: Non
surbooste: Non
saveur: fraise, lime, pastèque, kiwi
description: Le Rod est un e-liquide français de la gamme Frukt à la saveurfruitéede kiwi, de pastèque et de fraise. Il est fabriqué par Savourea à base d'arômes alimentaires, de propylène glycol (PG), et de glycérine végétale (VG) dans un ratioPG/VG de 50/50. Prêt à l'emploi, il est déjà nicotiné et disponible en plusieurs taux. Il est également conditionné en fiole PET 10ml et dispose d'un bouchon sécurisé comme d'un embout fin propre et pratique. Qui est Savourea ? Fabricant français de renom, Savourea a su s'imposer au fil des années dans le réservoir d'un grand nombre de vapoteurs, et ce, même les plus exigeants. Maîtrisant aussi bien les saveurs fraîches de fruits, que les classics, voire les plus complexes, la marque française vous présente une multitude de gammes de e-liquides, mais également de concentrés DIY (Do It Yourself). Quelques mots sur Frukt Enrichissant les différentes gammes du fabricant français Savourea, la collection Frukt se destine aux vapoteurs à la recherche de e-liquides fruités présentés dans un format simple et pratique de 10ml. Nos conseils pour utiliser votre e-liquide Rod L'utilisation d'un e-liquide est exclusivement réservée à la cigarette électronique. Nous vous recommandons de bien agiter votre flacon de e-liquide avant emploi. Pour limiter les risques de fuites et prolonger la durée de vie de vos résistances, nous vous conseillons d'utiliser un clearomiseur adapté au taux PG/VG de votre e-liquide. Quel taux de nicotine choisir pour votre e-liquide ? Le choix de votre taux de nicotine dépend de votre profil de fumeur ainsi que de la cigarette électronique utilisée. Si vous utilisez une cigarette électronique équipée d'une résistance égale ou supérieure à 1 ohm et à une puissance ne dépassant pas les 30 watts, voici nos recommandations pour choisir votre taux de nicotine : Si vous utilisez une cigarette électronique plus performante équipée de résistances dont la valeur est inférieure à 1 ohm et pour une puissance supérieure à 30 watts, nous vous conseillons d'utiliser un taux de nicotine plus faible : Conservation de votre e-liquide Pour une conservation optimale de votre e-liquide, nous vous conseillons de stocker votre flacon à l'abri de la lumière dans un droit sec et à température ambiante. Après contacts répétés à l'air et à la lumière, la couleur de votre e-liquide peut se foncer. Ce changement de couleur n'affecte ni la qualité ni le goût de votre e-liquide. La date indiquée sur l'étiquette est une DLUO (date limite d'utilisation optimale) ou DDM (date de durabilité minimale). Passé cette date, le e-liquide peut encore être consommé. Mises en garde et contre-indications : Précautions d'emploi :
brand: Savourea
gout: fruit
info_brand: Fabricant français de renom, Savourea a su s'imposer au fil des années dans le réservoir d'un grand nombre de vapoteurs, et ce, même les plus exigeants. Maîtrisant aussi bien les saveurs fraîches de fruits, que les classics, voire les plus complexes, la marque française vous présente une multitude de gammes de e-liquides, mais également de concentrés DIY (Do It Yourself).
id_produit: 63"
je veux un produit acide,"Parmi les produits listés, le e-liquide ""Rod Frukt"" par Savourea pourrait correspondre à votre recherche de produit acide, car il contient des saveurs de kiwi, fraise, pastèque et lime, qui peuvent apporter une touche d'acidité. Vous pouvez le consulter [ici](https://www.aromes-et-liquides.fr/e-liquide-frukt/5461-e-liquide-frukt-rod-par-savourea-.html).","index: 77
url: https://www.aromes-et-liquides.fr/e-liquide-vdlv/3744-e-liquide-cerise-par-vdlv.html
nom_produit: Cerise VDLV
img_produit: https://assets.aromes-et-liquides.fr/54973-thickbox_default/e-liquide-cerise-par-vdlv.jpg
prix_produit: 5.9
contenance: 10ml
pg_vg: 60/40
origine: France
frais: Non
surbooste: Non
saveur: lime, cerise, vin
description: Le Cerise est un e liquide pour cigarette électronique prêt à l'emploi fabriqué en France par Vincent Dans Les Vapes (VDLV. Sa recette augoût fruité de cerisesest composée d'arômes alimentaires, de propylène glycol et de glycérine végétale dans un ratio PG/VG de 60/40. Vous le retrouverez dans une fiole PET de 10ml, munie d'un bouchon sécurisé et d'un embout fin propre et pratique. Vous choisirez simplement entre ses différents taux de nicotine au choix :0, 3, 6 et 12mg/ml. Qui est VDLV ? VDLV, pour Vincent Dans Les Vapes, est un fabricant français de liquides pour cigarette électronique. Depuis 2012, la marque basée en Gironde s'attache à proposer des produits de qualité aux vapoteurs du monde entier. Fort de diverses gammes telles que Cirkus, Classic Wanted ou encore V'ICE, VDLV s'adresse autant aux amateurs de e-liquides prêts à vaper qu'aux utilisateurs d'arômes DIY. Nos conseils pour utiliser votre e-liquide Cerise L'utilisation d'un e-liquide est exclusivement réservée à la cigarette électronique. Nous vous recommandons de bien agiter votre flacon de e-liquide avant emploi. Pour limiter les risques de fuites et prolonger la durée de vie de vos résistances, nous vous conseillons d'utiliser un clearomiseur adapté au taux PG/VG de votre e-liquide. Quel taux de nicotine choisir pour votre e-liquide ? Le choix de votre taux de nicotine dépend de votre profil de fumeur ainsi que de la cigarette électronique utilisée. Si vous utilisez une cigarette électronique équipée d'une résistance égale ou supérieure à 1 ohm et à une puissance ne dépassant pas les 30 watts, voici nos recommandations pour choisir votre taux de nicotine : Si vous utilisez une cigarette électronique plus performante équipée de résistances dont la valeur est inférieure à 1 ohm et pour une puissance supérieure à 30 watts, nous vous conseillons d'utiliser un taux de nicotine plus faible : Conservation de votre e-liquide Pour une conservation optimale de votre e-liquide, nous vous conseillons de stocker votre flacon à l'abri de la lumière dans un droit sec et à température ambiante. Après contacts répétés à l'air et à la lumière, la couleur de votre e-liquide peut se foncer. Ce changement de couleur n'affecte ni la qualité ni le goût de votre e-liquide. La date indiquée sur l'étiquette est une DLUO (date limite d'utilisation optimale) ou DDM (date de durabilité minimale). Passé cette date, le e-liquide peut encore être consommé. Mises en garde et contre-indications : Précautions d'emploi :
brand: VDLV
gout: fruit
info_brand: VDLV, pour Vincent Dans Les Vapes, est un fabricant français de liquides pour cigarette électronique. Depuis 2012, la marque basée en Gironde s'attache à proposer des produits de qualité aux vapoteurs du monde entier. Fort de diverses gammes telles que Cirkus, Classic Wanted ou encore V'ICE, VDLV s'adresse autant aux amateurs de e-liquides prêts à vaper qu'aux utilisateurs d'arômes DIY.
id_produit: 78
index: 5
url: https://www.aromes-et-liquides.fr/e-liquide-al/9188-e-liquide-pomme-par-al.html
nom_produit: A&L Pomme
img_produit: https://assets.aromes-et-liquides.fr/53642-thickbox_default/e-liquide-pomme-par-al.jpg
prix_produit: 4.9
contenance: 10ml
pg_vg: 50/50
origine: France
frais: Non
surbooste: Non
saveur: lime, fruits rouges, pomme
description: Ce e-liquide pour cigarette électronique augoût de pomme verteest fabriqué en France par Arômes et Liquides (A&L). Il est composé d'arômes alimentaires, de propylène glycol (PG) et de glycérine végétale (VG) dans unratio 50PG/50VGpour un compromis idéal entre rendu de saveur, hit et volume de vapeur. Le e liquide Pomme Verte par A&L est conditionné en fiole de 10 ml avec sécurité enfant et embout fin pour faciliter le remplissage des clearomiseurs de vos cigarettes électroniques. Ce savoureux nectar est disponible en 0, 3, 6 et 12 mg/ml de nicotine. Qui est Arômes et Liquides (A&L) ? Arômes et Liquides (A&L) est un fabricant français de e-liquides et concentrés DIY depuis 2012. Avec ses laborantins situés non loin de Saint-Étienne dans la Loire, il vous présente une vaste collection de saveurs allant des plus simples aux plus complexes. La marque s'est notamment distinguée dans l'univers de la vape grâce à sa recette classic du Ryan USA de la gamme A&L, puis du mix au goût de fruits rouges Ragnarok de la collection Ultimate. Nos conseils pour utiliser votre e-liquide Pomme L'utilisation d'un e-liquide est exclusivement réservée à la cigarette électronique. Nous vous recommandons de bien agiter votre flacon de e-liquide avant emploi. Pour limiter les risques de fuites et prolonger la durée de vie de vos résistances, nous vous conseillons d'utiliser un clearomiseur adapté au taux PG/VG de votre e-liquide. Quel taux de nicotine choisir pour votre e-liquide ? Le choix de votre taux de nicotine dépend de votre profil de fumeur ainsi que de la cigarette électronique utilisée. Si vous utilisez une cigarette électronique équipée d'une résistance égale ou supérieure à 1 ohm et à une puissance ne dépassant pas les 30 watts, voici nos recommandations pour choisir votre taux de nicotine : Si vous utilisez une cigarette électronique plus performante équipée de résistances dont la valeur est inférieure à 1 ohm et pour une puissance supérieure à 30 watts, nous vous conseillons d'utiliser un taux de nicotine plus faible : Conservation de votre e-liquide Pour une conservation optimale de votre e-liquide, nous vous conseillons de stocker votre flacon à l'abri de la lumière dans un droit sec et à température ambiante. Après contacts répétés à l'air et à la lumière, la couleur de votre e-liquide peut se foncer. Ce changement de couleur n'affecte ni la qualité ni le goût de votre e-liquide. La date indiquée sur l'étiquette est une DLUO (date limite d'utilisation optimale) ou DDM (date de durabilité minimale). Passé cette date, le e-liquide peut encore être consommé. Mises en garde et contre-indications : Précautions d'emploi :
brand: Arômes et Liquides (A&L)
gout: fruit
info_brand: Arômes et Liquides (A&L) est un fabricant français de e-liquides et concentrés DIY depuis 2012. Avec ses laborantins situés non loin de Saint-Étienne dans la Loire, il vous présente une vaste collection de saveurs allant des plus simples aux plus complexes. La marque s'est notamment distinguée dans l'univers de la vape grâce à sa recette classic du Ryan USA de la gamme A&L, puis du mix au goût de fruits rouges Ragnarok de la collection Ultimate.
id_produit: 6
index: 62
url: https://www.aromes-et-liquides.fr/e-liquide-frukt/5461-e-liquide-frukt-rod-par-savourea-.html
nom_produit: Rod Frukt
img_produit: https://assets.aromes-et-liquides.fr/54567-thickbox_default/e-liquide-frukt-rod-par-savourea-.jpg
prix_produit: 4.9
contenance: 10ml
pg_vg: 50/50
origine: France
frais: Non
surbooste: Non
saveur: fraise, lime, pastèque, kiwi
description: Le Rod est un e-liquide français de la gamme Frukt à la saveurfruitéede kiwi, de pastèque et de fraise. Il est fabriqué par Savourea à base d'arômes alimentaires, de propylène glycol (PG), et de glycérine végétale (VG) dans un ratioPG/VG de 50/50. Prêt à l'emploi, il est déjà nicotiné et disponible en plusieurs taux. Il est également conditionné en fiole PET 10ml et dispose d'un bouchon sécurisé comme d'un embout fin propre et pratique. Qui est Savourea ? Fabricant français de renom, Savourea a su s'imposer au fil des années dans le réservoir d'un grand nombre de vapoteurs, et ce, même les plus exigeants. Maîtrisant aussi bien les saveurs fraîches de fruits, que les classics, voire les plus complexes, la marque française vous présente une multitude de gammes de e-liquides, mais également de concentrés DIY (Do It Yourself). Quelques mots sur Frukt Enrichissant les différentes gammes du fabricant français Savourea, la collection Frukt se destine aux vapoteurs à la recherche de e-liquides fruités présentés dans un format simple et pratique de 10ml. Nos conseils pour utiliser votre e-liquide Rod L'utilisation d'un e-liquide est exclusivement réservée à la cigarette électronique. Nous vous recommandons de bien agiter votre flacon de e-liquide avant emploi. Pour limiter les risques de fuites et prolonger la durée de vie de vos résistances, nous vous conseillons d'utiliser un clearomiseur adapté au taux PG/VG de votre e-liquide. Quel taux de nicotine choisir pour votre e-liquide ? Le choix de votre taux de nicotine dépend de votre profil de fumeur ainsi que de la cigarette électronique utilisée. Si vous utilisez une cigarette électronique équipée d'une résistance égale ou supérieure à 1 ohm et à une puissance ne dépassant pas les 30 watts, voici nos recommandations pour choisir votre taux de nicotine : Si vous utilisez une cigarette électronique plus performante équipée de résistances dont la valeur est inférieure à 1 ohm et pour une puissance supérieure à 30 watts, nous vous conseillons d'utiliser un taux de nicotine plus faible : Conservation de votre e-liquide Pour une conservation optimale de votre e-liquide, nous vous conseillons de stocker votre flacon à l'abri de la lumière dans un droit sec et à température ambiante. Après contacts répétés à l'air et à la lumière, la couleur de votre e-liquide peut se foncer. Ce changement de couleur n'affecte ni la qualité ni le goût de votre e-liquide. La date indiquée sur l'étiquette est une DLUO (date limite d'utilisation optimale) ou DDM (date de durabilité minimale). Passé cette date, le e-liquide peut encore être consommé. Mises en garde et contre-indications : Précautions d'emploi :
brand: Savourea
gout: fruit
info_brand: Fabricant français de renom, Savourea a su s'imposer au fil des années dans le réservoir d'un grand nombre de vapoteurs, et ce, même les plus exigeants. Maîtrisant aussi bien les saveurs fraîches de fruits, que les classics, voire les plus complexes, la marque française vous présente une multitude de gammes de e-liquides, mais également de concentrés DIY (Do It Yourself).
id_produit: 63"
je veux un produit mentholé,Je ne sais pas.,"index: 6
url: https://www.aromes-et-liquides.fr/e-liquide-vampire-vape/3531-heisenberg.html
nom_produit: Heisenberg Vampire Vape
img_produit: https://assets.aromes-et-liquides.fr/54367-thickbox_default/heisenberg.jpg
prix_produit: 5.5
contenance: 10ml
pg_vg: 60/40
origine: Royaume-Uni
frais: Oui
surbooste: Non
saveur: anis, baie, baies, baies rouges
description: Le e-liquide Heisenberg en 10ml par Vampire Vape ? Une recette anglaise, dont la célébrité ne décroît toujours pas ! Malgré ses goûts fruités et frais, cee liquide prêt à vaperreste un mystère. Son mélange est si prisé que le fabricant anglais le garde bien secret... Qu'est-ce que le e-liquide Heisenberg ? Le e liquide Heisenberg est un produit réservé à votre cigarette électronique. Conditionné en fiole PET 10ml, il estprêt à l'emploi, utilisable au taux de nicotine de votre choix. D'origine anglaise, il a grandement participé à la renommée de son fabricant, Vampire Vape. Aujourd'huiconnu de tous et plébiscité dans le monde entier, le e-liquide Heisenberg n'a plus rien à prouver. On le sait, il est né pour combler les amateurs de saveurs fraiches et fruitées, comme les vapoteurs débutants ! Pourquoi choisir le Heisenberg en e-liquide 10ml ? Si vous devez avant tout choisir le Heisenberg pour votre prochaine séance de vapotage, c'est pour sa notoriété. Présent depuis des années dans le monde de la vape, il n'a jamais déçu. Alors, il est forcément fait pour vous,en particulier si vous appréciez des assemblages au goût frais et fruité! Si vous débutez, ce e-liquide sera encore plus indiqué. Proposé en 10ml, il vous satisfera immédiatement. Vous choisirez juste le taux de nicotine dont vous avez besoin, puis vous en verserez directement dans votre e-cigarette. Comment s'utilise ce e liquide ? Utiliser le e-liquide Heisenberg 10ml par Vampire Vape ne demande pas de connaissances particulières en vape. Vous devrez seulement : Alors, vous pourrez enfin déguster ce célèbre arrangement aromatique ! La question du taux de nicotine Arrivé depuis peu dans le monde de la vape ? A&L vous aide à trouver le taux de nicotine qui vous conviendra le mieux avec le e-liquide Heisenberg ! Référez-vous simplement à votre ancienne (ou actuelle) consommation de cigarettes : Petite astuce en plus : si vous hésitez entre deux taux, prenez plutôt le plus haut ! Notez également que ce e liquide est proposé sans nicotine, soit en 0 mg/ml. Il conviendra donc également aux vapoteurs n'ayant plus besoin de nicotine. À qui s'adresse le Heisenberg 10ml ? Le e-liquide Heisenberg est présenté dans un format prêt à l'emploi de 10mlspécialement pour les débutants. Bien entendu, ce format est adoptable par tous ! Bien entendu, pour l'apprécier pleinement, il faudra être amateur de goût fruité, mais surtout frais ! De quoi se compose ce e liquide prêt à l'emploi ? Afin d'être utilisé dès sa réception, le e-liquide Heisenberg présente déjà tous les ingrédients mélangés dans son flacon PET 10ml : Entièrement fabriqué au Royaume-Uni, de sa création à son conditionnement, le e-liquide Heisenberg vous est proposé ici en flacons PET de 10ml, avec bouchon sécurisé et embout fin. L'avis d'A&L sur le e-liquide Heisenberg 10ml Le Heisenberg par Vampire Vape est l'un des e-liquides les plus célèbres de la galaxie vape ! Outre sa couleur bleutée qui fait qu'on le reconnaît entre tous, son goût est vraiment très particulier. On lui reconnaît des saveurs de baies rouges et d'anis mêlées, mais surtout, un goût frais.
brand: Vampire Vape
gout: fruit
info_brand: Le fabricant anglais s'est fait reconnaître dans le monde de la vape à travers ses nombreux succès misant principalement sur des saveurs fruitées, avec notamment la recette du Heisenberg ou encore du Pinkman.
id_produit: 7
index: 62
url: https://www.aromes-et-liquides.fr/e-liquide-frukt/5461-e-liquide-frukt-rod-par-savourea-.html
nom_produit: Rod Frukt
img_produit: https://assets.aromes-et-liquides.fr/54567-thickbox_default/e-liquide-frukt-rod-par-savourea-.jpg
prix_produit: 4.9
contenance: 10ml
pg_vg: 50/50
origine: France
frais: Non
surbooste: Non
saveur: fraise, lime, pastèque, kiwi
description: Le Rod est un e-liquide français de la gamme Frukt à la saveurfruitéede kiwi, de pastèque et de fraise. Il est fabriqué par Savourea à base d'arômes alimentaires, de propylène glycol (PG), et de glycérine végétale (VG) dans un ratioPG/VG de 50/50. Prêt à l'emploi, il est déjà nicotiné et disponible en plusieurs taux. Il est également conditionné en fiole PET 10ml et dispose d'un bouchon sécurisé comme d'un embout fin propre et pratique. Qui est Savourea ? Fabricant français de renom, Savourea a su s'imposer au fil des années dans le réservoir d'un grand nombre de vapoteurs, et ce, même les plus exigeants. Maîtrisant aussi bien les saveurs fraîches de fruits, que les classics, voire les plus complexes, la marque française vous présente une multitude de gammes de e-liquides, mais également de concentrés DIY (Do It Yourself). Quelques mots sur Frukt Enrichissant les différentes gammes du fabricant français Savourea, la collection Frukt se destine aux vapoteurs à la recherche de e-liquides fruités présentés dans un format simple et pratique de 10ml. Nos conseils pour utiliser votre e-liquide Rod L'utilisation d'un e-liquide est exclusivement réservée à la cigarette électronique. Nous vous recommandons de bien agiter votre flacon de e-liquide avant emploi. Pour limiter les risques de fuites et prolonger la durée de vie de vos résistances, nous vous conseillons d'utiliser un clearomiseur adapté au taux PG/VG de votre e-liquide. Quel taux de nicotine choisir pour votre e-liquide ? Le choix de votre taux de nicotine dépend de votre profil de fumeur ainsi que de la cigarette électronique utilisée. Si vous utilisez une cigarette électronique équipée d'une résistance égale ou supérieure à 1 ohm et à une puissance ne dépassant pas les 30 watts, voici nos recommandations pour choisir votre taux de nicotine : Si vous utilisez une cigarette électronique plus performante équipée de résistances dont la valeur est inférieure à 1 ohm et pour une puissance supérieure à 30 watts, nous vous conseillons d'utiliser un taux de nicotine plus faible : Conservation de votre e-liquide Pour une conservation optimale de votre e-liquide, nous vous conseillons de stocker votre flacon à l'abri de la lumière dans un droit sec et à température ambiante. Après contacts répétés à l'air et à la lumière, la couleur de votre e-liquide peut se foncer. Ce changement de couleur n'affecte ni la qualité ni le goût de votre e-liquide. La date indiquée sur l'étiquette est une DLUO (date limite d'utilisation optimale) ou DDM (date de durabilité minimale). Passé cette date, le e-liquide peut encore être consommé. Mises en garde et contre-indications : Précautions d'emploi :
brand: Savourea
gout: fruit
info_brand: Fabricant français de renom, Savourea a su s'imposer au fil des années dans le réservoir d'un grand nombre de vapoteurs, et ce, même les plus exigeants. Maîtrisant aussi bien les saveurs fraîches de fruits, que les classics, voire les plus complexes, la marque française vous présente une multitude de gammes de e-liquides, mais également de concentrés DIY (Do It Yourself).
id_produit: 63
index: 81
url: https://www.aromes-et-liquides.fr/e-liquide-fruizee/3886-e-liquide-fruizee-cassis-mangue-par-eliquid-france.html
nom_produit: Cassis Mangue Fruizee
img_produit: https://assets.aromes-et-liquides.fr/54946-thickbox_default/e-liquide-fruizee-cassis-mangue-par-eliquid-france.jpg
prix_produit: 4.9
contenance: 10ml
pg_vg: 50/50
origine: France
frais: Oui
surbooste: Non
saveur: cassis, lime, mangue
description: Le Cassis Mangue est un e-liquide français pour cigarette électronique. Il fait partie de la gamme Fruizee d'Eliquid France et reproduit des saveurs fraîches de cassis et de mangue. Créé à partir d'arômes alimentaires, de propylène glycol (PG) et de glycérine végétale (VG), il vous arrive dans un ratio PG/VG équilibré de 50/50 et dans un format 10ml prêt à l'emploi, déjà nicotiné. Vous le retrouverez en plusieurs taux de nicotine au choix, dans des fioles souples type PET de 10ml, avec bouchon sécurisé et embout fin propre et pratique. Qui est Eliquid France ? Créé en 2013 à Nieul sur Mer en Charente-Maritime, le laboratoire Eliquid France s'est fait une place de choix dans l'univers de la vape grâce à des liquides de qualité, exportant ses créations dans le monde entier. Toujours en recherche d'innovation, la marque française propose des recettes variées aux saveurs allant de simples à complexes, et se déclinant autant en arôme DIY qu'en e-liquide prêt à vaper. La gamme Fruizee Collection ayant fait la réputation de la marque Eliquid France, elle mélange des saveurs fruitées et fraîches finement réalisées dans des recettes DIY comme dans des e-liquides prêts à vaper ou à booster ! Nos conseils pour utiliser votre e-liquide Cassis Mangue L'utilisation d'un e-liquide est exclusivement réservée à la cigarette électronique. Nous vous recommandons de bien agiter votre flacon de e-liquide avant emploi. Pour limiter les risques de fuites et prolonger la durée de vie de vos résistances, nous vous conseillons d'utiliser un clearomiseur adapté au taux PG/VG de votre e-liquide. Quel taux de nicotine choisir pour votre e-liquide ? Le choix de votre taux de nicotine dépend de votre profil de fumeur ainsi que de la cigarette électronique utilisée. Si vous utilisez une cigarette électronique équipée d'une résistance égale ou supérieure à 1 ohm et à une puissance ne dépassant pas les 30 watts, voici nos recommandations pour choisir votre taux de nicotine : Si vous utilisez une cigarette électronique plus performante équipée de résistances dont la valeur est inférieure à 1 ohm et pour une puissance supérieure à 30 watts, nous vous conseillons d'utiliser un taux de nicotine plus faible : Conservation de votre e-liquide Pour une conservation optimale de votre e-liquide, nous vous conseillons de stocker votre flacon à l'abri de la lumière dans un droit sec et à température ambiante. Après contacts répétés à l'air et à la lumière, la couleur de votre e-liquide peut se foncer. Ce changement de couleur n'affecte ni la qualité ni le goût de votre e-liquide. La date indiquée sur l'étiquette est une DLUO (date limite d'utilisation optimale) ou DDM (date de durabilité minimale). Passé cette date, le e-liquide peut encore être consommé. Mises en garde et contre-indications : Précautions d'emploi :
brand: Eliquid France
gout: fruit
info_brand: Créé en 2013 à Nieul sur Mer en Charente-Maritime, le laboratoire Eliquid France s'est fait une place de choix dans l'univers de la vape grâce à des liquides de qualité, exportant ses créations dans le monde entier. Toujours en recherche d'innovation, la marque française propose des recettes variées aux saveurs allant de simples à complexes, et se déclinant autant en arôme DIY qu'en e-liquide prêt à vaper.
id_produit: 82"
j'aimerais que tu me conseille un produit avec orange,"Je vous recommande le produit ""Pinkman Vampire Vape"". Ce e-liquide propose une saveur d'agrumes, incluant l'orange, le citron et le pamplemousse. Il est prêt à l'emploi et est particulièrement apprécié pour ses excellentes saveurs d'agrumes. Vous pouvez le découvrir [ici](https://www.aromes-et-liquides.fr/e-liquide-vampire-vape/3532-e-liquide-pinkman-par-vampire-vape.html).","index: 20
url: https://www.aromes-et-liquides.fr/e-liquide-fruizee/3885-e-liquide-fruizee-citron-orange-mandarine-par-eliquid-france.html
nom_produit: Citron Orange Mandarine Fruizee
img_produit: https://assets.aromes-et-liquides.fr/54552-thickbox_default/e-liquide-fruizee-citron-orange-mandarine-par-eliquid-france.jpg
prix_produit: 4.9
contenance: 10ml
pg_vg: 50/50
origine: France
frais: Oui
surbooste: Non
saveur: orange, citron, mandarine, lime, agrumes
description: Le Fruizee Citron Orange Mandarine par Eliquid France est un e-liquide français pour cigarette électronique qui mêle toutes les saveurs fraîches de ces trois agrumes. Composé d'arômes alimentaires, de propylène glycol (PG) et de glycérine végétale (VG). Il est présenté dans unratio de 50PG/50VG. Il vous est proposé dans une fiole souple et colorée de type PET 10ml, avec un embout fin pour procéder facilement au remplissage de tous vos clearomiseurs et atomiseurs, mais aussi un bouchon avec sécurité enfant pour la protection des plus petits. Enfin, vous aurez le choix entre plusieurs taux de nicotine : 0, 3, 6 et 12 mg/ml. Qui est Eliquid France ? Créé en 2013 à Nieul sur Mer en Charente-Maritime, le laboratoire Eliquid France s'est fait une place de choix dans l'univers de la vape grâce à des liquides de qualité, exportant ses créations dans le monde entier. Toujours en recherche d'innovation, la marque française propose des recettes variées aux saveurs allant de simples à complexes, et se déclinant autant en arôme DIY qu'en e-liquide prêt à vaper. La gamme Fruizee Collection ayant fait la réputation de la marque Eliquid France, elle mélange des saveurs fruitées et fraîches finement réalisées dans des recettes DIY comme dans des e-liquides prêts à vaper ou à booster ! Nos conseils pour utiliser votre e-liquide Citron Orange L'utilisation d'un e-liquide est exclusivement réservée à la cigarette électronique. Nous vous recommandons de bien agiter votre flacon de e-liquide avant emploi. Pour limiter les risques de fuites et prolonger la durée de vie de vos résistances, nous vous conseillons d'utiliser un clearomiseur adapté au taux PG/VG de votre e-liquide. Quel taux de nicotine choisir pour votre e-liquide ? Le choix de votre taux de nicotine dépend de votre profil de fumeur ainsi que de la cigarette électronique utilisée. Si vous utilisez une cigarette électronique équipée d'une résistance égale ou supérieure à 1 ohm et à une puissance ne dépassant pas les 30 watts, voici nos recommandations pour choisir votre taux de nicotine : Si vous utilisez une cigarette électronique plus performante équipée de résistances dont la valeur est inférieure à 1 ohm et pour une puissance supérieure à 30 watts, nous vous conseillons d'utiliser un taux de nicotine plus faible : Conservation de votre e-liquide Pour une conservation optimale de votre e-liquide, nous vous conseillons de stocker votre flacon à l'abri de la lumière dans un droit sec et à température ambiante. Après contacts répétés à l'air et à la lumière, la couleur de votre e-liquide peut se foncer. Ce changement de couleur n'affecte ni la qualité ni le goût de votre e-liquide. La date indiquée sur l'étiquette est une DLUO (date limite d'utilisation optimale) ou DDM (date de durabilité minimale). Passé cette date, le e-liquide peut encore être consommé. Mises en garde et contre-indications : Précautions d'emploi :
brand: Eliquid France
gout: fruit
info_brand: Créé en 2013 à Nieul sur Mer en Charente-Maritime, le laboratoire Eliquid France s'est fait une place de choix dans l'univers de la vape grâce à des liquides de qualité, exportant ses créations dans le monde entier. Toujours en recherche d'innovation, la marque française propose des recettes variées aux saveurs allant de simples à complexes, et se déclinant autant en arôme DIY qu'en e-liquide prêt à vaper.
id_produit: 21
index: 4
url: https://www.aromes-et-liquides.fr/e-liquide-t-juice/3539-e-liquide-red-astaire-par-t-juice.html
nom_produit: Red Astaire T-Juice
img_produit: https://assets.aromes-et-liquides.fr/55065-thickbox_default/e-liquide-red-astaire-par-t-juice.jpg
prix_produit: 4.9
contenance: 10ml
pg_vg: 50/50
origine: Royaume-Uni
frais: Oui
surbooste: Non
saveur: fruits rouges, raisin, menthol, anis, lime, menthe
description: Le Red Astaire est un e-liquide qui a rencontré un énorme succès dès son arrivée sur le marché, au point de devenirle all-day de millions de vapoteurs dans le monde. Retrouvez ainsi sonmix frais de fruits rouges, raisin, anis et mentholdans un format prêt à l'emploi et disponible en plusieurs taux de nicotine au choix : 0, 3, 6, 12 et 18mg/ml. Qu'est-ce que le e-liquide Red Astaire ? Le e-liquide Red Astaire est unproduit prêt à l'emploi pour cigarette électronique. Il s'utilise de suite, dès sa réception, et au taux de nicotine de votre choix. D'origine anglaise, le e-liquide Red Astaire est connu pour son goût frais et fruité, entre fruits rouges et raisin, menthe et anis. Pourquoi choisir ce e liquide 10ml ? Le e liquide Red Astaire 10ml est souvent recommandé pour commencer, et l'on comprend pourquoi : son format prêt à vaper le rendpratique à transporter et facile à utiliser, son goût frais et fruitéest proposé danstous les taux de nicotine pour s'adapter à tous les vapoteurs. Choisissez-le donc pour sa praticité, sa simplicité et surtout, sa recette plébiscitée dans le monde entier ! Comment utiliser le Red Astaire e liquide ? Puisqu'il est déjà prêt à être vapoté dans votre e-cigarette, le e-liquide Red Astaire T-Juice ne demandeni préparation ni ajustement. Une fois livré, il suffit de : Facile à utiliser, d'accord. Mais, au niveau du taux nicotinique, lequel faut-il choisir ? Bien choisir son taux de nicotine Pour bien débuter dans le monde de la vape, il faut en passer par un calcul simple : celui du taux nicotinique adapté à votre ancienne (ou actuelle) consommation de cigarettes. Pour vous aider : Si vous hésitez entre deux taux nicotiniques, partez plutôt sur le plus élevé des deux. Vous l'ajusterez ensuite, au besoin ! Notez également que le e-liquide Red Astaire en 10ml est également disponible sans nicotine, soit en 0mg/ml. À qui est destiné le Red Astaire 10ml ? Le e-liquide Red Astaire, c'estLA recette des vapoteurs débutantsqui souhaitent un goût frais et fruité pour les accompagner tout au long de la journée. Si vous faites vos premiers pas dans la vape, ce e liquide est également tout indiqué. Il est prêt à être consommé dans votre cigarette électronique, peu importe le taux de nicotine dont vous avez besoin ! À partir de quoi est créé le e-liquide Red Astaire ? C'est au Royaume-Uni, dans les laboratoires de T-Juice, que chaque fiole de Red Astaire voit le jour. Pour sa recette, le fabricant anglais utiliseseulement des ingrédients de haute qualité, entre arômes alimentaires, propylène glycol et glycérine végétale, sans oublier nicotine (sauf pour sa version en 0mg). Pour son conditionnement, le fabricant anglais opte aussi pour un contenant de qualité : des fioles type PET, en 10ml, avec bouchon sécurisé et embout fin. Et, afin que votre Red Astaire soit utilisable par tous et dans toutes les cigarettes électroniques, T-Juice le réalise dans unratio PG/VG équilibré, de 50/50.
brand: T-Juice
gout: fruit
info_brand: Implanté en Angleterre, et plus particulièrement dans le sud-ouest de Londres, la marque T-Juice vous présente une collection de recettes diverses et variées. Que ce soit des e-liquides ou arômes concentrés DIY (Do It Yourself), soyez certain de faire le bon choix avec la marque T-Juice ! Mondialement reconnu pour sa recette du Red Astaire, n'hésitez pas à découvrir des recettes encore plus vastes, mais toujours aussi abouties.
id_produit: 5
index: 25
url: https://www.aromes-et-liquides.fr/e-liquide-vampire-vape/3532-e-liquide-pinkman-par-vampire-vape.html
nom_produit: Pinkman Vampire Vape
img_produit: https://assets.aromes-et-liquides.fr/53591-thickbox_default/e-liquide-pinkman-par-vampire-vape.jpg
prix_produit: 5.5
contenance: 10ml
pg_vg: 60/40
origine: Royaume-Uni
frais: Non
surbooste: Non
saveur: orange, parfait, citron, pamplemousse, lime, agrumes
description: Le Pinkman est un e-liquide pour cigarette électronique d'origine anglaise, signé Vampire Vape. Présenté en petit flacon 10ml, ce produit estprêt à l'emploi: il est déjà parfaitement aromatisé, dosé et nicotiné (plusieurs taux au choix) et propose une saveur d'agrumes. Qu'est-ce que le e-liquide Pinkman par Vampire Vape ? Le Pinkman est un e-liquide pour e-cigaretteprêt à vaper. Conforme à la loi TPD, il présente déjà de la nicotine dans son flacon (sauf pour sa version en 0 mg/ml). Recette incontournable du fabricant anglais Vampire Vape, le Pinkman dévoile le plus délicieux trio d'agrumes, entrecitron jaune et vert, orange et pamplemousse. Reconnu dans toute la vaposphère comme LE mélange à ne pas manquer, il est particulièrement adapté aux vapoteurs débutants. Pourquoi choisir ce e liquide en 10ml ? Choisir le Pinkman en e-liquide 10ml, c'est choisir unplaisir immédiat, dans letaux de nicotine exactqu'il vous faut ! Avec ce e liquide, tout devient plus simple. Vous n'avez rien à calculer, à mélanger, à préparer. Vous vous contentez de savourerl'une des recettes d'agrumes les plus plébiscitées, ce, dans le monde entier ! Comment utiliser un tel produit prêt à vaper ? Puisqu'il est prêt à vapoter, le Pinkman 10ml n'a besoin de rien d'autre que votre cigarette électronique ! Après l'avoir commandé sur votre site e-commerce préféré, vous procéderez ainsi : N.B : S'il s'agit d'un premier remplissage avec une nouvelle résistance, patientez 5 à 10 minutes avant de vapoter. Quel taux de nicotine est fait pour moi ? Le Pinkman s'utilise dès réception, ça, d'accord. Mais, avant de l'utiliser, vous voudriez être certain du taux de nicotine à adopter ! A&L vous révèle ses petites astuces : Et, si vous adorez la recette du Pinkman et son format e-liquide 10ml, sachez que vous pourrez également le savourersans nicotine. Vous voyez, il vous accompagne tout au long de votre sevrage tabagique ! À qui est destiné le Pinkman e liquide ? Sans conteste l'une des plus belles réussites du fabricant Vampire Vape, le e-liquide Pinkman est adoré par tous les vapoteurs du monde entier. C'est simple, il est si bien réalisé, qu'il arrive àconvenir à tout le monde! Son format prêt à l'emploi, ses excellentes saveurs d'agrumes, sa qualité exemplaire... Tout fait de lui LE e-liquide à adopter sans hésiter ! Comment est obtenu ce e-liquide pour e-cigarette ? C'estau Royaume-Uni, dans les cuisines de Vampire Vape, que l'aventure du Pinkman commence. Pour faire naître ce futur best-seller, le fabricant anglais a utilisé desingrédients premium, comme des fioles PET de qualité. Dans chaque flacon de Pinkman, vous trouverez les meilleurs arômes alimentaires, du propylène glycol et de la glycérine végétale de qualité pharmaceutique, sans oublier de la nicotine premium (sauf pour sa version en 0 mg). Notez que le fabricant vous propose un ratio PG/VG très équilibré, de 60PG/40VG, et 50PG/50VG pour la version 3 mg. Pour son conditionnement, Vampire Vape choisit des petitscontenants pratiques et sécurisés, munis de bouchons à protection enfant et d'embouts fins propres et pratiques. L'avis des pandas sur le e-liquide Pinkman 10ml Aussi beau à voir que bon à vapoter, ce liquide 10ml pour e cigarette laisse un léger arrière-goût acidulé dans la bouche. Pétillant et bien fruité, son parfum exulte, explose en bouche et vient nous rappeler les douces saveurs du printemps et de l'été. Créatif et gourmand, il enveloppe les papilles avec force. Le e liquide Pinkman devient une évidence pour notre palais : il l'adore et il ne s'en lasse pas. Voilà pourquoi il est autant adoré dans la vaposphère et conseillé pour tout type de vapoteur, surtout les débutants !
brand: Vampire Vape
gout: fruit
info_brand: Le fabricant anglais s'est fait reconnaître dans le monde de la vape à travers ses nombreux succès misant principalement sur des saveurs fruitées, avec notamment la recette du Heisenberg ou encore du Pinkman.
id_produit: 26"
j'aimerais que tu me conseille un produit avec orange,"Je vous recommande le produit ""Pinkman Vampire Vape"". Ce e-liquide propose une saveur d'agrumes, incluant l'orange, le citron et le pamplemousse. Il est prêt à l'emploi et est particulièrement apprécié pour ses excellentes saveurs d'agrumes. Vous pouvez le découvrir ici : [Pinkman Vampire Vape](https://www.aromes-et-liquides.fr/e-liquide-vampire-vape/3532-e-liquide-pinkman-par-vampire-vape.html).","index: 20
url: https://www.aromes-et-liquides.fr/e-liquide-fruizee/3885-e-liquide-fruizee-citron-orange-mandarine-par-eliquid-france.html
nom_produit: Citron Orange Mandarine Fruizee
img_produit: https://assets.aromes-et-liquides.fr/54552-thickbox_default/e-liquide-fruizee-citron-orange-mandarine-par-eliquid-france.jpg
prix_produit: 4.9
contenance: 10ml
pg_vg: 50/50
origine: France
frais: Oui
surbooste: Non
saveur: orange, citron, mandarine, lime, agrumes
description: Le Fruizee Citron Orange Mandarine par Eliquid France est un e-liquide français pour cigarette électronique qui mêle toutes les saveurs fraîches de ces trois agrumes. Composé d'arômes alimentaires, de propylène glycol (PG) et de glycérine végétale (VG). Il est présenté dans unratio de 50PG/50VG. Il vous est proposé dans une fiole souple et colorée de type PET 10ml, avec un embout fin pour procéder facilement au remplissage de tous vos clearomiseurs et atomiseurs, mais aussi un bouchon avec sécurité enfant pour la protection des plus petits. Enfin, vous aurez le choix entre plusieurs taux de nicotine : 0, 3, 6 et 12 mg/ml. Qui est Eliquid France ? Créé en 2013 à Nieul sur Mer en Charente-Maritime, le laboratoire Eliquid France s'est fait une place de choix dans l'univers de la vape grâce à des liquides de qualité, exportant ses créations dans le monde entier. Toujours en recherche d'innovation, la marque française propose des recettes variées aux saveurs allant de simples à complexes, et se déclinant autant en arôme DIY qu'en e-liquide prêt à vaper. La gamme Fruizee Collection ayant fait la réputation de la marque Eliquid France, elle mélange des saveurs fruitées et fraîches finement réalisées dans des recettes DIY comme dans des e-liquides prêts à vaper ou à booster ! Nos conseils pour utiliser votre e-liquide Citron Orange L'utilisation d'un e-liquide est exclusivement réservée à la cigarette électronique. Nous vous recommandons de bien agiter votre flacon de e-liquide avant emploi. Pour limiter les risques de fuites et prolonger la durée de vie de vos résistances, nous vous conseillons d'utiliser un clearomiseur adapté au taux PG/VG de votre e-liquide. Quel taux de nicotine choisir pour votre e-liquide ? Le choix de votre taux de nicotine dépend de votre profil de fumeur ainsi que de la cigarette électronique utilisée. Si vous utilisez une cigarette électronique équipée d'une résistance égale ou supérieure à 1 ohm et à une puissance ne dépassant pas les 30 watts, voici nos recommandations pour choisir votre taux de nicotine : Si vous utilisez une cigarette électronique plus performante équipée de résistances dont la valeur est inférieure à 1 ohm et pour une puissance supérieure à 30 watts, nous vous conseillons d'utiliser un taux de nicotine plus faible : Conservation de votre e-liquide Pour une conservation optimale de votre e-liquide, nous vous conseillons de stocker votre flacon à l'abri de la lumière dans un droit sec et à température ambiante. Après contacts répétés à l'air et à la lumière, la couleur de votre e-liquide peut se foncer. Ce changement de couleur n'affecte ni la qualité ni le goût de votre e-liquide. La date indiquée sur l'étiquette est une DLUO (date limite d'utilisation optimale) ou DDM (date de durabilité minimale). Passé cette date, le e-liquide peut encore être consommé. Mises en garde et contre-indications : Précautions d'emploi :
brand: Eliquid France
gout: fruit
info_brand: Créé en 2013 à Nieul sur Mer en Charente-Maritime, le laboratoire Eliquid France s'est fait une place de choix dans l'univers de la vape grâce à des liquides de qualité, exportant ses créations dans le monde entier. Toujours en recherche d'innovation, la marque française propose des recettes variées aux saveurs allant de simples à complexes, et se déclinant autant en arôme DIY qu'en e-liquide prêt à vaper.
id_produit: 21
index: 4
url: https://www.aromes-et-liquides.fr/e-liquide-t-juice/3539-e-liquide-red-astaire-par-t-juice.html
nom_produit: Red Astaire T-Juice
img_produit: https://assets.aromes-et-liquides.fr/55065-thickbox_default/e-liquide-red-astaire-par-t-juice.jpg
prix_produit: 4.9
contenance: 10ml
pg_vg: 50/50
origine: Royaume-Uni
frais: Oui
surbooste: Non
saveur: fruits rouges, raisin, menthol, anis, lime, menthe
description: Le Red Astaire est un e-liquide qui a rencontré un énorme succès dès son arrivée sur le marché, au point de devenirle all-day de millions de vapoteurs dans le monde. Retrouvez ainsi sonmix frais de fruits rouges, raisin, anis et mentholdans un format prêt à l'emploi et disponible en plusieurs taux de nicotine au choix : 0, 3, 6, 12 et 18mg/ml. Qu'est-ce que le e-liquide Red Astaire ? Le e-liquide Red Astaire est unproduit prêt à l'emploi pour cigarette électronique. Il s'utilise de suite, dès sa réception, et au taux de nicotine de votre choix. D'origine anglaise, le e-liquide Red Astaire est connu pour son goût frais et fruité, entre fruits rouges et raisin, menthe et anis. Pourquoi choisir ce e liquide 10ml ? Le e liquide Red Astaire 10ml est souvent recommandé pour commencer, et l'on comprend pourquoi : son format prêt à vaper le rendpratique à transporter et facile à utiliser, son goût frais et fruitéest proposé danstous les taux de nicotine pour s'adapter à tous les vapoteurs. Choisissez-le donc pour sa praticité, sa simplicité et surtout, sa recette plébiscitée dans le monde entier ! Comment utiliser le Red Astaire e liquide ? Puisqu'il est déjà prêt à être vapoté dans votre e-cigarette, le e-liquide Red Astaire T-Juice ne demandeni préparation ni ajustement. Une fois livré, il suffit de : Facile à utiliser, d'accord. Mais, au niveau du taux nicotinique, lequel faut-il choisir ? Bien choisir son taux de nicotine Pour bien débuter dans le monde de la vape, il faut en passer par un calcul simple : celui du taux nicotinique adapté à votre ancienne (ou actuelle) consommation de cigarettes. Pour vous aider : Si vous hésitez entre deux taux nicotiniques, partez plutôt sur le plus élevé des deux. Vous l'ajusterez ensuite, au besoin ! Notez également que le e-liquide Red Astaire en 10ml est également disponible sans nicotine, soit en 0mg/ml. À qui est destiné le Red Astaire 10ml ? Le e-liquide Red Astaire, c'estLA recette des vapoteurs débutantsqui souhaitent un goût frais et fruité pour les accompagner tout au long de la journée. Si vous faites vos premiers pas dans la vape, ce e liquide est également tout indiqué. Il est prêt à être consommé dans votre cigarette électronique, peu importe le taux de nicotine dont vous avez besoin ! À partir de quoi est créé le e-liquide Red Astaire ? C'est au Royaume-Uni, dans les laboratoires de T-Juice, que chaque fiole de Red Astaire voit le jour. Pour sa recette, le fabricant anglais utiliseseulement des ingrédients de haute qualité, entre arômes alimentaires, propylène glycol et glycérine végétale, sans oublier nicotine (sauf pour sa version en 0mg). Pour son conditionnement, le fabricant anglais opte aussi pour un contenant de qualité : des fioles type PET, en 10ml, avec bouchon sécurisé et embout fin. Et, afin que votre Red Astaire soit utilisable par tous et dans toutes les cigarettes électroniques, T-Juice le réalise dans unratio PG/VG équilibré, de 50/50.
brand: T-Juice
gout: fruit
info_brand: Implanté en Angleterre, et plus particulièrement dans le sud-ouest de Londres, la marque T-Juice vous présente une collection de recettes diverses et variées. Que ce soit des e-liquides ou arômes concentrés DIY (Do It Yourself), soyez certain de faire le bon choix avec la marque T-Juice ! Mondialement reconnu pour sa recette du Red Astaire, n'hésitez pas à découvrir des recettes encore plus vastes, mais toujours aussi abouties.
id_produit: 5
index: 25
url: https://www.aromes-et-liquides.fr/e-liquide-vampire-vape/3532-e-liquide-pinkman-par-vampire-vape.html
nom_produit: Pinkman Vampire Vape
img_produit: https://assets.aromes-et-liquides.fr/53591-thickbox_default/e-liquide-pinkman-par-vampire-vape.jpg
prix_produit: 5.5
contenance: 10ml
pg_vg: 60/40
origine: Royaume-Uni
frais: Non
surbooste: Non
saveur: orange, parfait, citron, pamplemousse, lime, agrumes
description: Le Pinkman est un e-liquide pour cigarette électronique d'origine anglaise, signé Vampire Vape. Présenté en petit flacon 10ml, ce produit estprêt à l'emploi: il est déjà parfaitement aromatisé, dosé et nicotiné (plusieurs taux au choix) et propose une saveur d'agrumes. Qu'est-ce que le e-liquide Pinkman par Vampire Vape ? Le Pinkman est un e-liquide pour e-cigaretteprêt à vaper. Conforme à la loi TPD, il présente déjà de la nicotine dans son flacon (sauf pour sa version en 0 mg/ml). Recette incontournable du fabricant anglais Vampire Vape, le Pinkman dévoile le plus délicieux trio d'agrumes, entrecitron jaune et vert, orange et pamplemousse. Reconnu dans toute la vaposphère comme LE mélange à ne pas manquer, il est particulièrement adapté aux vapoteurs débutants. Pourquoi choisir ce e liquide en 10ml ? Choisir le Pinkman en e-liquide 10ml, c'est choisir unplaisir immédiat, dans letaux de nicotine exactqu'il vous faut ! Avec ce e liquide, tout devient plus simple. Vous n'avez rien à calculer, à mélanger, à préparer. Vous vous contentez de savourerl'une des recettes d'agrumes les plus plébiscitées, ce, dans le monde entier ! Comment utiliser un tel produit prêt à vaper ? Puisqu'il est prêt à vapoter, le Pinkman 10ml n'a besoin de rien d'autre que votre cigarette électronique ! Après l'avoir commandé sur votre site e-commerce préféré, vous procéderez ainsi : N.B : S'il s'agit d'un premier remplissage avec une nouvelle résistance, patientez 5 à 10 minutes avant de vapoter. Quel taux de nicotine est fait pour moi ? Le Pinkman s'utilise dès réception, ça, d'accord. Mais, avant de l'utiliser, vous voudriez être certain du taux de nicotine à adopter ! A&L vous révèle ses petites astuces : Et, si vous adorez la recette du Pinkman et son format e-liquide 10ml, sachez que vous pourrez également le savourersans nicotine. Vous voyez, il vous accompagne tout au long de votre sevrage tabagique ! À qui est destiné le Pinkman e liquide ? Sans conteste l'une des plus belles réussites du fabricant Vampire Vape, le e-liquide Pinkman est adoré par tous les vapoteurs du monde entier. C'est simple, il est si bien réalisé, qu'il arrive àconvenir à tout le monde! Son format prêt à l'emploi, ses excellentes saveurs d'agrumes, sa qualité exemplaire... Tout fait de lui LE e-liquide à adopter sans hésiter ! Comment est obtenu ce e-liquide pour e-cigarette ? C'estau Royaume-Uni, dans les cuisines de Vampire Vape, que l'aventure du Pinkman commence. Pour faire naître ce futur best-seller, le fabricant anglais a utilisé desingrédients premium, comme des fioles PET de qualité. Dans chaque flacon de Pinkman, vous trouverez les meilleurs arômes alimentaires, du propylène glycol et de la glycérine végétale de qualité pharmaceutique, sans oublier de la nicotine premium (sauf pour sa version en 0 mg). Notez que le fabricant vous propose un ratio PG/VG très équilibré, de 60PG/40VG, et 50PG/50VG pour la version 3 mg. Pour son conditionnement, Vampire Vape choisit des petitscontenants pratiques et sécurisés, munis de bouchons à protection enfant et d'embouts fins propres et pratiques. L'avis des pandas sur le e-liquide Pinkman 10ml Aussi beau à voir que bon à vapoter, ce liquide 10ml pour e cigarette laisse un léger arrière-goût acidulé dans la bouche. Pétillant et bien fruité, son parfum exulte, explose en bouche et vient nous rappeler les douces saveurs du printemps et de l'été. Créatif et gourmand, il enveloppe les papilles avec force. Le e liquide Pinkman devient une évidence pour notre palais : il l'adore et il ne s'en lasse pas. Voilà pourquoi il est autant adoré dans la vaposphère et conseillé pour tout type de vapoteur, surtout les débutants !
brand: Vampire Vape
gout: fruit
info_brand: Le fabricant anglais s'est fait reconnaître dans le monde de la vape à travers ses nombreux succès misant principalement sur des saveurs fruitées, avec notamment la recette du Heisenberg ou encore du Pinkman.
id_produit: 26"
j'aimerais que tu me conseille un produit avec orange,"Je vous recommande le produit ""Pinkman Vampire Vape"". Ce e-liquide propose une saveur d'agrumes, incluant l'orange, le citron et le pamplemousse. Il est prêt à l'emploi et est particulièrement apprécié pour ses excellentes saveurs d'agrumes. Vous pouvez le découvrir ici : [Pinkman Vampire Vape](https://www.aromes-et-liquides.fr/e-liquide-vampire-vape/3532-e-liquide-pinkman-par-vampire-vape.html).","index: 20
url: https://www.aromes-et-liquides.fr/e-liquide-fruizee/3885-e-liquide-fruizee-citron-orange-mandarine-par-eliquid-france.html
nom_produit: Citron Orange Mandarine Fruizee
img_produit: https://assets.aromes-et-liquides.fr/54552-thickbox_default/e-liquide-fruizee-citron-orange-mandarine-par-eliquid-france.jpg
prix_produit: 4.9
contenance: 10ml
pg_vg: 50/50
origine: France
frais: Oui
surbooste: Non
saveur: orange, citron, mandarine, lime, agrumes
description: Le Fruizee Citron Orange Mandarine par Eliquid France est un e-liquide français pour cigarette électronique qui mêle toutes les saveurs fraîches de ces trois agrumes. Composé d'arômes alimentaires, de propylène glycol (PG) et de glycérine végétale (VG). Il est présenté dans unratio de 50PG/50VG. Il vous est proposé dans une fiole souple et colorée de type PET 10ml, avec un embout fin pour procéder facilement au remplissage de tous vos clearomiseurs et atomiseurs, mais aussi un bouchon avec sécurité enfant pour la protection des plus petits. Enfin, vous aurez le choix entre plusieurs taux de nicotine : 0, 3, 6 et 12 mg/ml. Qui est Eliquid France ? Créé en 2013 à Nieul sur Mer en Charente-Maritime, le laboratoire Eliquid France s'est fait une place de choix dans l'univers de la vape grâce à des liquides de qualité, exportant ses créations dans le monde entier. Toujours en recherche d'innovation, la marque française propose des recettes variées aux saveurs allant de simples à complexes, et se déclinant autant en arôme DIY qu'en e-liquide prêt à vaper. La gamme Fruizee Collection ayant fait la réputation de la marque Eliquid France, elle mélange des saveurs fruitées et fraîches finement réalisées dans des recettes DIY comme dans des e-liquides prêts à vaper ou à booster ! Nos conseils pour utiliser votre e-liquide Citron Orange L'utilisation d'un e-liquide est exclusivement réservée à la cigarette électronique. Nous vous recommandons de bien agiter votre flacon de e-liquide avant emploi. Pour limiter les risques de fuites et prolonger la durée de vie de vos résistances, nous vous conseillons d'utiliser un clearomiseur adapté au taux PG/VG de votre e-liquide. Quel taux de nicotine choisir pour votre e-liquide ? Le choix de votre taux de nicotine dépend de votre profil de fumeur ainsi que de la cigarette électronique utilisée. Si vous utilisez une cigarette électronique équipée d'une résistance égale ou supérieure à 1 ohm et à une puissance ne dépassant pas les 30 watts, voici nos recommandations pour choisir votre taux de nicotine : Si vous utilisez une cigarette électronique plus performante équipée de résistances dont la valeur est inférieure à 1 ohm et pour une puissance supérieure à 30 watts, nous vous conseillons d'utiliser un taux de nicotine plus faible : Conservation de votre e-liquide Pour une conservation optimale de votre e-liquide, nous vous conseillons de stocker votre flacon à l'abri de la lumière dans un droit sec et à température ambiante. Après contacts répétés à l'air et à la lumière, la couleur de votre e-liquide peut se foncer. Ce changement de couleur n'affecte ni la qualité ni le goût de votre e-liquide. La date indiquée sur l'étiquette est une DLUO (date limite d'utilisation optimale) ou DDM (date de durabilité minimale). Passé cette date, le e-liquide peut encore être consommé. Mises en garde et contre-indications : Précautions d'emploi :
brand: Eliquid France
gout: fruit
info_brand: Créé en 2013 à Nieul sur Mer en Charente-Maritime, le laboratoire Eliquid France s'est fait une place de choix dans l'univers de la vape grâce à des liquides de qualité, exportant ses créations dans le monde entier. Toujours en recherche d'innovation, la marque française propose des recettes variées aux saveurs allant de simples à complexes, et se déclinant autant en arôme DIY qu'en e-liquide prêt à vaper.
id_produit: 21
index: 4
url: https://www.aromes-et-liquides.fr/e-liquide-t-juice/3539-e-liquide-red-astaire-par-t-juice.html
nom_produit: Red Astaire T-Juice
img_produit: https://assets.aromes-et-liquides.fr/55065-thickbox_default/e-liquide-red-astaire-par-t-juice.jpg
prix_produit: 4.9
contenance: 10ml
pg_vg: 50/50
origine: Royaume-Uni
frais: Oui
surbooste: Non
saveur: fruits rouges, raisin, menthol, anis, lime, menthe
description: Le Red Astaire est un e-liquide qui a rencontré un énorme succès dès son arrivée sur le marché, au point de devenirle all-day de millions de vapoteurs dans le monde. Retrouvez ainsi sonmix frais de fruits rouges, raisin, anis et mentholdans un format prêt à l'emploi et disponible en plusieurs taux de nicotine au choix : 0, 3, 6, 12 et 18mg/ml. Qu'est-ce que le e-liquide Red Astaire ? Le e-liquide Red Astaire est unproduit prêt à l'emploi pour cigarette électronique. Il s'utilise de suite, dès sa réception, et au taux de nicotine de votre choix. D'origine anglaise, le e-liquide Red Astaire est connu pour son goût frais et fruité, entre fruits rouges et raisin, menthe et anis. Pourquoi choisir ce e liquide 10ml ? Le e liquide Red Astaire 10ml est souvent recommandé pour commencer, et l'on comprend pourquoi : son format prêt à vaper le rendpratique à transporter et facile à utiliser, son goût frais et fruitéest proposé danstous les taux de nicotine pour s'adapter à tous les vapoteurs. Choisissez-le donc pour sa praticité, sa simplicité et surtout, sa recette plébiscitée dans le monde entier ! Comment utiliser le Red Astaire e liquide ? Puisqu'il est déjà prêt à être vapoté dans votre e-cigarette, le e-liquide Red Astaire T-Juice ne demandeni préparation ni ajustement. Une fois livré, il suffit de : Facile à utiliser, d'accord. Mais, au niveau du taux nicotinique, lequel faut-il choisir ? Bien choisir son taux de nicotine Pour bien débuter dans le monde de la vape, il faut en passer par un calcul simple : celui du taux nicotinique adapté à votre ancienne (ou actuelle) consommation de cigarettes. Pour vous aider : Si vous hésitez entre deux taux nicotiniques, partez plutôt sur le plus élevé des deux. Vous l'ajusterez ensuite, au besoin ! Notez également que le e-liquide Red Astaire en 10ml est également disponible sans nicotine, soit en 0mg/ml. À qui est destiné le Red Astaire 10ml ? Le e-liquide Red Astaire, c'estLA recette des vapoteurs débutantsqui souhaitent un goût frais et fruité pour les accompagner tout au long de la journée. Si vous faites vos premiers pas dans la vape, ce e liquide est également tout indiqué. Il est prêt à être consommé dans votre cigarette électronique, peu importe le taux de nicotine dont vous avez besoin ! À partir de quoi est créé le e-liquide Red Astaire ? C'est au Royaume-Uni, dans les laboratoires de T-Juice, que chaque fiole de Red Astaire voit le jour. Pour sa recette, le fabricant anglais utiliseseulement des ingrédients de haute qualité, entre arômes alimentaires, propylène glycol et glycérine végétale, sans oublier nicotine (sauf pour sa version en 0mg). Pour son conditionnement, le fabricant anglais opte aussi pour un contenant de qualité : des fioles type PET, en 10ml, avec bouchon sécurisé et embout fin. Et, afin que votre Red Astaire soit utilisable par tous et dans toutes les cigarettes électroniques, T-Juice le réalise dans unratio PG/VG équilibré, de 50/50.
brand: T-Juice
gout: fruit
info_brand: Implanté en Angleterre, et plus particulièrement dans le sud-ouest de Londres, la marque T-Juice vous présente une collection de recettes diverses et variées. Que ce soit des e-liquides ou arômes concentrés DIY (Do It Yourself), soyez certain de faire le bon choix avec la marque T-Juice ! Mondialement reconnu pour sa recette du Red Astaire, n'hésitez pas à découvrir des recettes encore plus vastes, mais toujours aussi abouties.
id_produit: 5
index: 25
url: https://www.aromes-et-liquides.fr/e-liquide-vampire-vape/3532-e-liquide-pinkman-par-vampire-vape.html
nom_produit: Pinkman Vampire Vape
img_produit: https://assets.aromes-et-liquides.fr/53591-thickbox_default/e-liquide-pinkman-par-vampire-vape.jpg
prix_produit: 5.5
contenance: 10ml
pg_vg: 60/40
origine: Royaume-Uni
frais: Non
surbooste: Non
saveur: orange, parfait, citron, pamplemousse, lime, agrumes
description: Le Pinkman est un e-liquide pour cigarette électronique d'origine anglaise, signé Vampire Vape. Présenté en petit flacon 10ml, ce produit estprêt à l'emploi: il est déjà parfaitement aromatisé, dosé et nicotiné (plusieurs taux au choix) et propose une saveur d'agrumes. Qu'est-ce que le e-liquide Pinkman par Vampire Vape ? Le Pinkman est un e-liquide pour e-cigaretteprêt à vaper. Conforme à la loi TPD, il présente déjà de la nicotine dans son flacon (sauf pour sa version en 0 mg/ml). Recette incontournable du fabricant anglais Vampire Vape, le Pinkman dévoile le plus délicieux trio d'agrumes, entrecitron jaune et vert, orange et pamplemousse. Reconnu dans toute la vaposphère comme LE mélange à ne pas manquer, il est particulièrement adapté aux vapoteurs débutants. Pourquoi choisir ce e liquide en 10ml ? Choisir le Pinkman en e-liquide 10ml, c'est choisir unplaisir immédiat, dans letaux de nicotine exactqu'il vous faut ! Avec ce e liquide, tout devient plus simple. Vous n'avez rien à calculer, à mélanger, à préparer. Vous vous contentez de savourerl'une des recettes d'agrumes les plus plébiscitées, ce, dans le monde entier ! Comment utiliser un tel produit prêt à vaper ? Puisqu'il est prêt à vapoter, le Pinkman 10ml n'a besoin de rien d'autre que votre cigarette électronique ! Après l'avoir commandé sur votre site e-commerce préféré, vous procéderez ainsi : N.B : S'il s'agit d'un premier remplissage avec une nouvelle résistance, patientez 5 à 10 minutes avant de vapoter. Quel taux de nicotine est fait pour moi ? Le Pinkman s'utilise dès réception, ça, d'accord. Mais, avant de l'utiliser, vous voudriez être certain du taux de nicotine à adopter ! A&L vous révèle ses petites astuces : Et, si vous adorez la recette du Pinkman et son format e-liquide 10ml, sachez que vous pourrez également le savourersans nicotine. Vous voyez, il vous accompagne tout au long de votre sevrage tabagique ! À qui est destiné le Pinkman e liquide ? Sans conteste l'une des plus belles réussites du fabricant Vampire Vape, le e-liquide Pinkman est adoré par tous les vapoteurs du monde entier. C'est simple, il est si bien réalisé, qu'il arrive àconvenir à tout le monde! Son format prêt à l'emploi, ses excellentes saveurs d'agrumes, sa qualité exemplaire... Tout fait de lui LE e-liquide à adopter sans hésiter ! Comment est obtenu ce e-liquide pour e-cigarette ? C'estau Royaume-Uni, dans les cuisines de Vampire Vape, que l'aventure du Pinkman commence. Pour faire naître ce futur best-seller, le fabricant anglais a utilisé desingrédients premium, comme des fioles PET de qualité. Dans chaque flacon de Pinkman, vous trouverez les meilleurs arômes alimentaires, du propylène glycol et de la glycérine végétale de qualité pharmaceutique, sans oublier de la nicotine premium (sauf pour sa version en 0 mg). Notez que le fabricant vous propose un ratio PG/VG très équilibré, de 60PG/40VG, et 50PG/50VG pour la version 3 mg. Pour son conditionnement, Vampire Vape choisit des petitscontenants pratiques et sécurisés, munis de bouchons à protection enfant et d'embouts fins propres et pratiques. L'avis des pandas sur le e-liquide Pinkman 10ml Aussi beau à voir que bon à vapoter, ce liquide 10ml pour e cigarette laisse un léger arrière-goût acidulé dans la bouche. Pétillant et bien fruité, son parfum exulte, explose en bouche et vient nous rappeler les douces saveurs du printemps et de l'été. Créatif et gourmand, il enveloppe les papilles avec force. Le e liquide Pinkman devient une évidence pour notre palais : il l'adore et il ne s'en lasse pas. Voilà pourquoi il est autant adoré dans la vaposphère et conseillé pour tout type de vapoteur, surtout les débutants !
brand: Vampire Vape
gout: fruit
info_brand: Le fabricant anglais s'est fait reconnaître dans le monde de la vape à travers ses nombreux succès misant principalement sur des saveurs fruitées, avec notamment la recette du Heisenberg ou encore du Pinkman.
id_produit: 26"
